line_item_id,opportunity_id,product_id,quantity,unit_price
a68ac747-ca45-4fd9-8a98-6029bd6e4730,540f7ea4-9106-4552-8319-782c7bf2248b,f9b39dcb-a088-493b-8064-b46a2605c3e3,4,1728.96
047402f1-97a3-492c-8a63-b4895d697732,540f7ea4-9106-4552-8319-782c7bf2248b,ec3a70da-7e10-4f1e-a000-5d3cb06692c2,2,2561.23
148321c5-d470-452d-8a9d-982251cd8115,540f7ea4-9106-4552-8319-782c7bf2248b,7c79d25b-61d2-4adc-9ad2-f2f0de3de31e,4,2739.04
c4fe095c-76c5-44ea-8acb-3ca9c3f74f1e,016c543b-ac81-4045-94f9-78813f516682,1233b869-bc27-4cf2-b5c6-2dcb724f1f25,3,1244.46
7d9127cd-b6f5-4b47-8f3e-f8518347e9e4,016c543b-ac81-4045-94f9-78813f516682,9c713008-52f4-4d91-a4b8-692297273f5c,4,3982.73
d2682e73-3c39-4151-9d22-f596bba99b53,016c543b-ac81-4045-94f9-78813f516682,ec3a70da-7e10-4f1e-a000-5d3cb06692c2,5,2561.23
36bc4c6d-fabb-4164-85c7-55a01e3cc9f1,f26302ce-d5e2-4892-a290-d932e9efbae0,7c79d25b-61d2-4adc-9ad2-f2f0de3de31e,4,2739.04
dfc84214-43c7-4c6b-aa63-00ab76d74260,f26302ce-d5e2-4892-a290-d932e9efbae0,7c79d25b-61d2-4adc-9ad2-f2f0de3de31e,1,2739.04
96b1a121-43e3-43a5-a8db-bfba9e049f86,f26302ce-d5e2-4892-a290-d932e9efbae0,10106dca-f4f7-4122-a36b-cbe4320cbf42,2,313.87
72264b6a-144d-4554-8a9e-0c19564da020,cc308a85-fa3d-413e-9151-150db0eb4ec8,1233b869-bc27-4cf2-b5c6-2dcb724f1f25,2,1244.46
43612876-2dfb-40e6-b877-3ffa854107f1,cc308a85-fa3d-413e-9151-150db0eb4ec8,a7c9d8bb-b1c0-4cab-9bc7-7773e008d8fd,5,1948.33
3395f479-3d10-4d43-9c67-7c3bc8d35773,899c8875-7498-43df-a6c1-06aaf03c815a,ec3a70da-7e10-4f1e-a000-5d3cb06692c2,4,2561.23
0011fff0-67d9-4007-8c88-d5ce0112c125,899c8875-7498-43df-a6c1-06aaf03c815a,efbdd068-3525-46f3-afc9-155b4fb40b5f,2,1991.79
385d70e8-02f5-4220-8ec7-cf318592ecb3,899c8875-7498-43df-a6c1-06aaf03c815a,10106dca-f4f7-4122-a36b-cbe4320cbf42,5,313.87
37c1bc6a-3ec8-4c10-839b-fe9309fb169a,b349f2fb-b317-41cd-b373-96fec4e1993c,08d99a45-863b-464f-a4be-92e824ba1a9f,4,4339.78
c5374ab4-1c67-409f-93b0-4e9b71ff61d3,b349f2fb-b317-41cd-b373-96fec4e1993c,5113d2fe-7936-4f37-90bd-70573e15c072,3,1726.77
c91e8be4-d371-4dd7-a4a9-aca7ae8a9de0,b349f2fb-b317-41cd-b373-96fec4e1993c,9c713008-52f4-4d91-a4b8-692297273f5c,5,3982.73
3d677470-a42c-485b-9094-7189db743d35,2ca9348c-001b-44eb-a54e-3a53acbdf9af,1233b869-bc27-4cf2-b5c6-2dcb724f1f25,3,1244.46
399c317f-fd00-430b-a239-872481e696ff,2ca9348c-001b-44eb-a54e-3a53acbdf9af,10106dca-f4f7-4122-a36b-cbe4320cbf42,3,313.87
664a9724-e55e-41ab-ab9e-a08322a75b6b,2ca9348c-001b-44eb-a54e-3a53acbdf9af,a7c9d8bb-b1c0-4cab-9bc7-7773e008d8fd,4,1948.33
b98eb80e-5751-4aaa-a81a-5c68b0aaeff3,e1b6ed42-b8a0-4d5f-9f1f-0e6d71a6e0fa,a684be17-8b0e-4f62-9048-75edee52b09c,1,4361.05
191a1df8-ec34-470c-9b36-016b4f855230,e1b6ed42-b8a0-4d5f-9f1f-0e6d71a6e0fa,ec3a70da-7e10-4f1e-a000-5d3cb06692c2,4,2561.23
23634719-2658-4e8f-b96a-6720af735103,e1b6ed42-b8a0-4d5f-9f1f-0e6d71a6e0fa,a684be17-8b0e-4f62-9048-75edee52b09c,1,4361.05
af612471-cf91-430a-a329-85602def36a8,2fd61cd4-9ec5-4d46-8f08-79698ef0f929,9babb22c-e856-499f-ac43-94ed6ba62a37,3,4827.64
c36c3b5b-dcbc-4e88-8a83-67d9a105ff98,2fd61cd4-9ec5-4d46-8f08-79698ef0f929,a7c9d8bb-b1c0-4cab-9bc7-7773e008d8fd,2,1948.33
5dd044e3-9228-486e-8513-3eb8590fbcdd,2fd61cd4-9ec5-4d46-8f08-79698ef0f929,efbdd068-3525-46f3-afc9-155b4fb40b5f,3,1991.79
4f52bf87-5491-43a0-a946-76512bec5d52,8462efc9-d500-4dfc-84ea-cfd836d2bbdb,08d99a45-863b-464f-a4be-92e824ba1a9f,5,4339.78
d47fb737-7dc5-4750-92a5-9505bbe1f69c,8462efc9-d500-4dfc-84ea-cfd836d2bbdb,250d24fd-1292-495a-8bc0-dc5ee4b7abcd,2,1270.15
d1f0e3a5-a5b9-472c-9905-e66c8ba86192,25e3c8fa-8eb2-415b-9088-8f3004d4d252,9babb22c-e856-499f-ac43-94ed6ba62a37,5,4827.64
5b967b25-c436-47c0-a1a6-b34636012e60,501b610a-c88d-41ae-b2c4-69ae12cdc767,270845ca-fa92-4071-8c9c-b6f842a496be,3,4906.01
660c594a-3131-4315-a714-33cb5d419ee7,501b610a-c88d-41ae-b2c4-69ae12cdc767,9babb22c-e856-499f-ac43-94ed6ba62a37,1,4827.64
53825529-67dd-4704-9a23-bdb461e8353b,7367cb02-2e2a-4fa9-87a5-223e0930ee79,9babb22c-e856-499f-ac43-94ed6ba62a37,4,4827.64
283a14fc-cb0e-4243-99eb-3c3d0ecb1314,39a13da9-a832-443d-9f19-5caf1bca6aa2,1233b869-bc27-4cf2-b5c6-2dcb724f1f25,3,1244.46
97e4b59b-c7e1-42ec-92ce-5ed11851fdc0,39a13da9-a832-443d-9f19-5caf1bca6aa2,7c79d25b-61d2-4adc-9ad2-f2f0de3de31e,2,2739.04
96e10f68-e885-4550-8d1d-af5ed97f81f2,39a13da9-a832-443d-9f19-5caf1bca6aa2,10106dca-f4f7-4122-a36b-cbe4320cbf42,1,313.87
8f423d4d-fac8-42b4-bf73-922c5d4a2ef2,84c6b475-6211-4e02-9a6a-281c703b8bd9,7c79d25b-61d2-4adc-9ad2-f2f0de3de31e,2,2739.04
0590cc87-9ffd-447e-8d51-4214d96ec42d,84c6b475-6211-4e02-9a6a-281c703b8bd9,08d99a45-863b-464f-a4be-92e824ba1a9f,1,4339.78
756f1d50-1467-480f-9fe8-3a2ab6ea3007,193798eb-ebc3-4161-abdf-b5b4f93403b6,250d24fd-1292-495a-8bc0-dc5ee4b7abcd,5,1270.15
af42e600-2ab1-4808-9468-3b8bde870b20,193798eb-ebc3-4161-abdf-b5b4f93403b6,1233b869-bc27-4cf2-b5c6-2dcb724f1f25,5,1244.46
420586b5-afa5-48a3-a5b8-0610af6cfc6f,3eb35eca-d422-4264-9a19-38cff1dbec0f,a684be17-8b0e-4f62-9048-75edee52b09c,1,4361.05
63cf6dce-3ad2-40c5-b90e-191bc6f94610,3eb35eca-d422-4264-9a19-38cff1dbec0f,270845ca-fa92-4071-8c9c-b6f842a496be,3,4906.01
2adda02d-ad8e-4fc7-9cac-378bd5d3b572,f142c12c-2440-4120-8153-8e018e683460,250d24fd-1292-495a-8bc0-dc5ee4b7abcd,5,1270.15
815f9518-5349-47e7-8462-db0bbeb81e96,f142c12c-2440-4120-8153-8e018e683460,5113d2fe-7936-4f37-90bd-70573e15c072,3,1726.77
57a9d7f8-78e3-49c2-8f17-7ba926541194,f142c12c-2440-4120-8153-8e018e683460,08d99a45-863b-464f-a4be-92e824ba1a9f,4,4339.78
3c0f0ac8-312a-4583-b523-0276e07825db,d5a90ec6-0f24-454b-a81c-c4fbb734d2e5,9c713008-52f4-4d91-a4b8-692297273f5c,5,3982.73
a27c40c4-cf60-4216-b8b4-86ef04263704,e824e15e-12d5-472c-b210-8e50c27fbe2c,7c79d25b-61d2-4adc-9ad2-f2f0de3de31e,5,2739.04
fade2888-b27c-4f81-b52f-51759496e402,a18256f7-ac74-4fc4-bddc-96fd7dca9b54,9babb22c-e856-499f-ac43-94ed6ba62a37,5,4827.64
a0a3c1e1-845f-48d2-8222-c46f53f203d1,deddb465-5bee-454d-8ba2-49ead95bb264,9babb22c-e856-499f-ac43-94ed6ba62a37,2,4827.64
ff35934c-03b8-46fe-a5d3-68056d3e8559,deddb465-5bee-454d-8ba2-49ead95bb264,7c79d25b-61d2-4adc-9ad2-f2f0de3de31e,1,2739.04
acb32371-682a-442e-9454-ccd4d9f7a2ae,b0c48ebb-d1a0-4797-92d5-77cb7a97bf5d,08d99a45-863b-464f-a4be-92e824ba1a9f,2,4339.78
6265fc94-8183-4ed0-9273-d429bbe34e95,b0c48ebb-d1a0-4797-92d5-77cb7a97bf5d,a684be17-8b0e-4f62-9048-75edee52b09c,1,4361.05
992fb5a2-e407-4c58-96c6-a8ed0166194c,faf6b28b-f636-47ae-8c53-53c9a06fd23c,9babb22c-e856-499f-ac43-94ed6ba62a37,3,4827.64
21cd2c0b-2fe9-4def-9f92-ec9e51706d98,faf6b28b-f636-47ae-8c53-53c9a06fd23c,8f67b686-c7da-4758-8b1c-0808d0a38dbe,5,2417.58
7f7301d7-6980-430d-a20e-301705c19e9b,97439ed1-1c7c-4f93-bccb-ae521efe591a,10106dca-f4f7-4122-a36b-cbe4320cbf42,1,313.87
e3eec05e-fe7a-4ba6-b968-52a7e315d370,97439ed1-1c7c-4f93-bccb-ae521efe591a,08d99a45-863b-464f-a4be-92e824ba1a9f,4,4339.78
c7cafe36-118f-4922-a491-5a6548b51970,4f83aeeb-49df-4c58-bc44-bdac8d0a4ccb,efbdd068-3525-46f3-afc9-155b4fb40b5f,2,1991.79
7cad5800-c416-4357-9f8e-7bd2851e1ca7,4f83aeeb-49df-4c58-bc44-bdac8d0a4ccb,7c79d25b-61d2-4adc-9ad2-f2f0de3de31e,2,2739.04
834e7531-99fd-4c50-bf08-791070e5b128,de8c2a60-bfed-4af7-ad0f-25b6baf8fa58,a684be17-8b0e-4f62-9048-75edee52b09c,4,4361.05
f978545a-39a0-45c5-8fa2-c7aaf6b0daea,de8c2a60-bfed-4af7-ad0f-25b6baf8fa58,8f67b686-c7da-4758-8b1c-0808d0a38dbe,5,2417.58
a0d3984f-78db-4614-82a4-77f9ca963fdc,de8c2a60-bfed-4af7-ad0f-25b6baf8fa58,1233b869-bc27-4cf2-b5c6-2dcb724f1f25,1,1244.46
d11a51a0-3537-4242-824d-2e2bf733d5b7,20bdc0df-d20e-4fa3-8331-a446defcf483,10106dca-f4f7-4122-a36b-cbe4320cbf42,2,313.87
e6965714-024d-409d-aae3-2295d80b1a2f,20bdc0df-d20e-4fa3-8331-a446defcf483,1233b869-bc27-4cf2-b5c6-2dcb724f1f25,3,1244.46
303d2037-03f4-4b15-bb3d-f83e4c4f88f0,2bb270a8-b3c3-499f-8e5c-2888b91ca427,a684be17-8b0e-4f62-9048-75edee52b09c,3,4361.05
329cea5e-df19-4876-b207-56ee96275db5,2bb270a8-b3c3-499f-8e5c-2888b91ca427,f9b39dcb-a088-493b-8064-b46a2605c3e3,4,1728.96
1f97720b-30c8-4a51-98fa-8ca8f4f48955,2bb270a8-b3c3-499f-8e5c-2888b91ca427,7c79d25b-61d2-4adc-9ad2-f2f0de3de31e,1,2739.04
5cc746a0-745f-40b7-904c-60e02f6324ff,8b9f1f17-9930-43d5-be1e-f78c0fad6c5a,08d99a45-863b-464f-a4be-92e824ba1a9f,5,4339.78
7d062168-176c-4e66-adad-dc0a521b2732,8b9f1f17-9930-43d5-be1e-f78c0fad6c5a,8f67b686-c7da-4758-8b1c-0808d0a38dbe,5,2417.58
08975688-aab6-46d3-8ae6-95b3b1041061,8b9f1f17-9930-43d5-be1e-f78c0fad6c5a,250d24fd-1292-495a-8bc0-dc5ee4b7abcd,1,1270.15
3e8645ec-061c-4aa0-917a-3568268c7b73,4bbbbd65-8656-4863-a0dd-8417baf0c4f6,a684be17-8b0e-4f62-9048-75edee52b09c,3,4361.05
8d6537bd-c0ee-4a7e-bab4-095f9d77c9ad,4bbbbd65-8656-4863-a0dd-8417baf0c4f6,7c79d25b-61d2-4adc-9ad2-f2f0de3de31e,5,2739.04
6b72ba5d-123b-4ecc-a11d-7dc460a727ad,4bbbbd65-8656-4863-a0dd-8417baf0c4f6,8f67b686-c7da-4758-8b1c-0808d0a38dbe,2,2417.58
5f66c8b4-be57-43ba-a5ae-b326a7ff6fc0,dcdd77ed-0620-4d40-84e3-5898ce7fd290,250d24fd-1292-495a-8bc0-dc5ee4b7abcd,1,1270.15
6abcaea1-36f6-4adf-8e13-e46fad7b705a,dcdd77ed-0620-4d40-84e3-5898ce7fd290,9babb22c-e856-499f-ac43-94ed6ba62a37,3,4827.64
7c57f928-a3ef-4b3d-b5a0-139d25e5c310,dcdd77ed-0620-4d40-84e3-5898ce7fd290,efbdd068-3525-46f3-afc9-155b4fb40b5f,2,1991.79
dfbafb40-2818-40ca-960f-186f82a8c6b1,abb9b64b-7db5-4696-b4af-9ec6a9b5c07f,8f67b686-c7da-4758-8b1c-0808d0a38dbe,1,2417.58
d7af8f54-b86c-4082-8629-b2705da0ec6c,abb9b64b-7db5-4696-b4af-9ec6a9b5c07f,efbdd068-3525-46f3-afc9-155b4fb40b5f,3,1991.79
9dbbbaa5-4039-476b-9b4b-55a8a65ad812,abb9b64b-7db5-4696-b4af-9ec6a9b5c07f,08d99a45-863b-464f-a4be-92e824ba1a9f,2,4339.78
58b01a28-f7b8-4a95-96ce-c304e2afef5a,26611a12-f8f3-4a1c-8036-cd2ff2651518,ec3a70da-7e10-4f1e-a000-5d3cb06692c2,2,2561.23
2f9228bc-6d91-48c3-b706-491c353cdddf,9a252e9e-e999-49e5-ac2e-1b393a0f9a97,a7c9d8bb-b1c0-4cab-9bc7-7773e008d8fd,4,1948.33
3c76ba49-2195-427f-afc2-e96ef5e8fe1c,9a252e9e-e999-49e5-ac2e-1b393a0f9a97,1233b869-bc27-4cf2-b5c6-2dcb724f1f25,4,1244.46
bce712cb-c9ab-4f23-bff0-dc05be107691,9a252e9e-e999-49e5-ac2e-1b393a0f9a97,250d24fd-1292-495a-8bc0-dc5ee4b7abcd,2,1270.15
95de4546-f82d-45f9-8917-4cad396ac053,bbfb1933-15e2-4325-9ddb-84b06645fef8,f9b39dcb-a088-493b-8064-b46a2605c3e3,2,1728.96
208fd1a4-aed3-4378-82d8-23d7747880c0,5101a1d7-4768-4a6c-bb47-676f229db354,10106dca-f4f7-4122-a36b-cbe4320cbf42,4,313.87
16ac72dd-1d0a-4ee1-8946-b5d40c803e6b,5101a1d7-4768-4a6c-bb47-676f229db354,a684be17-8b0e-4f62-9048-75edee52b09c,2,4361.05
92424240-7e52-4f62-808f-3e1201543ff9,5101a1d7-4768-4a6c-bb47-676f229db354,9babb22c-e856-499f-ac43-94ed6ba62a37,5,4827.64
8836c487-6a85-45f0-84af-a2a93f76ff00,a5e3d56a-6d5b-4f9f-9aae-6eebab31ec1c,9c713008-52f4-4d91-a4b8-692297273f5c,3,3982.73
9f32d512-a586-4b18-842f-fbe0618f7166,a5e3d56a-6d5b-4f9f-9aae-6eebab31ec1c,08d99a45-863b-464f-a4be-92e824ba1a9f,2,4339.78
4c10ff35-6959-4398-8a2a-2b9831c57091,a5e3d56a-6d5b-4f9f-9aae-6eebab31ec1c,1233b869-bc27-4cf2-b5c6-2dcb724f1f25,5,1244.46
3e56a0a5-89f9-4447-9036-055192fb5095,e7344ddd-3200-4c86-ad5e-5f8022130309,250d24fd-1292-495a-8bc0-dc5ee4b7abcd,1,1270.15
8cd76729-8431-49a9-8092-2c64fcff1d2e,e7344ddd-3200-4c86-ad5e-5f8022130309,08d99a45-863b-464f-a4be-92e824ba1a9f,4,4339.78
4f190f6a-8eed-4dc3-92f1-26f2f0c7abb9,dbfedb45-984f-4d75-86dd-7352091d19d6,9babb22c-e856-499f-ac43-94ed6ba62a37,3,4827.64
78b7535a-c3ad-4696-b9e3-a4c550c02e8e,dbfedb45-984f-4d75-86dd-7352091d19d6,7c79d25b-61d2-4adc-9ad2-f2f0de3de31e,4,2739.04
6fabe5b7-27e7-4750-a1a6-9d795595119c,dbfedb45-984f-4d75-86dd-7352091d19d6,ec3a70da-7e10-4f1e-a000-5d3cb06692c2,1,2561.23
149ced51-551a-4000-8a73-d3f21e5433b9,3406f2e9-7cd2-4121-b8ea-c3f06e4d865f,1233b869-bc27-4cf2-b5c6-2dcb724f1f25,4,1244.46
ab6d4a22-006a-4805-a1b9-a36fdb0b8c04,3406f2e9-7cd2-4121-b8ea-c3f06e4d865f,a684be17-8b0e-4f62-9048-75edee52b09c,1,4361.05
354abf4f-996d-47d0-99ab-f613d11795c5,3406f2e9-7cd2-4121-b8ea-c3f06e4d865f,1233b869-bc27-4cf2-b5c6-2dcb724f1f25,1,1244.46
6de50634-b4e3-4b4d-9172-00d04db3086f,78692ce0-9a44-471d-8c9b-94aae89f0ea7,ec3a70da-7e10-4f1e-a000-5d3cb06692c2,1,2561.23
6a466ac1-2fde-4bba-a7b6-fcc339c90433,78692ce0-9a44-471d-8c9b-94aae89f0ea7,a7c9d8bb-b1c0-4cab-9bc7-7773e008d8fd,4,1948.33
9352bd79-c419-4427-8b9f-f9ae0285ee7f,00ca8a7d-df72-46bb-adbd-790d1c9a0ae2,9babb22c-e856-499f-ac43-94ed6ba62a37,2,4827.64
0627148e-fa4c-4790-8da2-5648b3300bdd,00ca8a7d-df72-46bb-adbd-790d1c9a0ae2,7c79d25b-61d2-4adc-9ad2-f2f0de3de31e,5,2739.04
2f564062-11bc-4e5f-a5aa-a6cdc27701e1,b780c12e-8fc5-4b4c-93af-b55f3a17ab08,ec3a70da-7e10-4f1e-a000-5d3cb06692c2,2,2561.23
7a68a1bd-97c6-4762-abc0-c4f5ad719e0d,b780c12e-8fc5-4b4c-93af-b55f3a17ab08,a7c9d8bb-b1c0-4cab-9bc7-7773e008d8fd,1,1948.33
be6c9e91-88a4-4ba2-803c-3b71e2244418,b780c12e-8fc5-4b4c-93af-b55f3a17ab08,f9b39dcb-a088-493b-8064-b46a2605c3e3,3,1728.96
799fe003-bcaf-4138-b8a1-f1461caad685,50f31a31-d933-42de-9b2e-ae5ba2b4881c,10106dca-f4f7-4122-a36b-cbe4320cbf42,4,313.87
2e4d754b-23b2-43bd-99a1-64d8415e7c09,50f31a31-d933-42de-9b2e-ae5ba2b4881c,9babb22c-e856-499f-ac43-94ed6ba62a37,5,4827.64
8f996a1e-2208-4cf2-8def-f28eed07b929,50f31a31-d933-42de-9b2e-ae5ba2b4881c,9babb22c-e856-499f-ac43-94ed6ba62a37,5,4827.64
0ad16073-5d36-4026-ae61-eae2b13b3759,c64523e2-68ee-4ba5-b510-d11aa4cce915,f9b39dcb-a088-493b-8064-b46a2605c3e3,4,1728.96
3af4a1ba-d89a-4c4e-a807-e6bc668c37f6,c64523e2-68ee-4ba5-b510-d11aa4cce915,7c79d25b-61d2-4adc-9ad2-f2f0de3de31e,4,2739.04
ae8f1382-0d25-4039-8473-187c7673f01c,1a19b71d-8234-44cd-bba4-22bcc09f9722,7c79d25b-61d2-4adc-9ad2-f2f0de3de31e,3,2739.04
2f5f4490-8944-4b40-9ee6-dda854017872,1a19b71d-8234-44cd-bba4-22bcc09f9722,10106dca-f4f7-4122-a36b-cbe4320cbf42,4,313.87
3b740c8f-ad1f-44ba-b57c-9bc3672340cf,1a19b71d-8234-44cd-bba4-22bcc09f9722,08d99a45-863b-464f-a4be-92e824ba1a9f,1,4339.78
589abe43-7702-406e-aff0-fcc8ec018479,8d0a9a1b-2d68-4d06-8ea4-ee62e457729f,1233b869-bc27-4cf2-b5c6-2dcb724f1f25,4,1244.46
f3aa185e-9f04-4b8c-9314-56484c723107,8d0a9a1b-2d68-4d06-8ea4-ee62e457729f,efbdd068-3525-46f3-afc9-155b4fb40b5f,5,1991.79
b86685b7-f384-467e-823a-6e390e1e1326,8d0a9a1b-2d68-4d06-8ea4-ee62e457729f,9babb22c-e856-499f-ac43-94ed6ba62a37,1,4827.64
6d27c459-3a40-44a1-85db-2ac89da89482,600e7f17-9ce3-4d54-be0a-398565c6aca6,08d99a45-863b-464f-a4be-92e824ba1a9f,4,4339.78
406bf2ca-f8f7-4070-a96c-5554089e63d6,c400d2bd-1225-477b-99c3-9477e1945739,a7c9d8bb-b1c0-4cab-9bc7-7773e008d8fd,4,1948.33
804c8817-0f09-4a1c-abb9-aac416ec8ee3,c24edeba-750e-4250-9d6f-7eb2bffd8bd7,1233b869-bc27-4cf2-b5c6-2dcb724f1f25,3,1244.46
49c36e7f-5f70-43c8-8edf-4ed0ed302d46,c24edeba-750e-4250-9d6f-7eb2bffd8bd7,9c713008-52f4-4d91-a4b8-692297273f5c,5,3982.73
58d4934d-78e9-469d-992a-6c32ea9bc2e4,42d85d75-610e-45f0-a926-66fd2253d0b2,9c713008-52f4-4d91-a4b8-692297273f5c,4,3982.73
d96c36a1-8a82-4408-9382-69259cd1e09a,42d85d75-610e-45f0-a926-66fd2253d0b2,a684be17-8b0e-4f62-9048-75edee52b09c,3,4361.05
b4aa6061-5c57-4d14-90c3-04a4c105a2d3,42d85d75-610e-45f0-a926-66fd2253d0b2,270845ca-fa92-4071-8c9c-b6f842a496be,5,4906.01
cd9dae44-7897-4bd3-8eda-8ae5d126927b,4daac5b3-66eb-40ff-9ffb-bf96aee392e5,9c713008-52f4-4d91-a4b8-692297273f5c,4,3982.73
f91efa4a-15ad-400a-b4a6-c7c077a43ee5,4daac5b3-66eb-40ff-9ffb-bf96aee392e5,f9b39dcb-a088-493b-8064-b46a2605c3e3,5,1728.96
8b129ac5-8f80-46ad-8328-1a89698d80c0,6d7bbde9-535f-481a-ba94-bde0d0dda12f,270845ca-fa92-4071-8c9c-b6f842a496be,5,4906.01
28959223-13db-4d0e-a848-1e49aba76a90,6d7bbde9-535f-481a-ba94-bde0d0dda12f,7c79d25b-61d2-4adc-9ad2-f2f0de3de31e,4,2739.04
079f955e-09e1-4939-8b49-d86d62e855ef,6d7bbde9-535f-481a-ba94-bde0d0dda12f,8f67b686-c7da-4758-8b1c-0808d0a38dbe,3,2417.58
2c275c5d-0174-43e7-85df-aa0645a07cf4,205ab94d-ddce-4a63-8566-bacfdc29d9a4,a7c9d8bb-b1c0-4cab-9bc7-7773e008d8fd,2,1948.33
c66d799a-f105-4754-8523-a004651d9d09,2a8dd582-5d7c-43d1-80aa-1e95a9eac481,ec3a70da-7e10-4f1e-a000-5d3cb06692c2,5,2561.23
1540a03d-03e8-421e-893a-da459930c072,2a8dd582-5d7c-43d1-80aa-1e95a9eac481,08d99a45-863b-464f-a4be-92e824ba1a9f,3,4339.78
f18df5a9-0a58-491f-9fcf-bf62322180ba,2a8dd582-5d7c-43d1-80aa-1e95a9eac481,5113d2fe-7936-4f37-90bd-70573e15c072,5,1726.77
b86eab5f-eb13-45fc-a94c-7db92c18d1a0,86129e86-8502-4086-89ba-264f24678173,270845ca-fa92-4071-8c9c-b6f842a496be,4,4906.01
02798bd0-2b9f-4005-8cab-36492087fe0c,f713d066-4c29-4128-9cfb-cbba251c0135,a684be17-8b0e-4f62-9048-75edee52b09c,4,4361.05
2acc9139-2987-4c11-a58e-61b435688233,f713d066-4c29-4128-9cfb-cbba251c0135,a7c9d8bb-b1c0-4cab-9bc7-7773e008d8fd,5,1948.33
b5aba6f9-2dbb-436b-b96f-8a462d6343cc,f713d066-4c29-4128-9cfb-cbba251c0135,a7c9d8bb-b1c0-4cab-9bc7-7773e008d8fd,3,1948.33
c3632410-191e-451a-8577-293d902d4420,1ac5a2c4-ea86-478c-8528-0aece0542f3c,8f67b686-c7da-4758-8b1c-0808d0a38dbe,5,2417.58
47dc69b9-5cf9-46cd-8a56-a8a6088684f4,1ac5a2c4-ea86-478c-8528-0aece0542f3c,1233b869-bc27-4cf2-b5c6-2dcb724f1f25,2,1244.46
175e30c7-ba8a-420d-903f-d56ecb194d19,b9543f6b-8b65-4678-926f-fe36767545f0,8f67b686-c7da-4758-8b1c-0808d0a38dbe,1,2417.58
e895b324-98e1-48da-b250-f664dc0ae81c,b9543f6b-8b65-4678-926f-fe36767545f0,270845ca-fa92-4071-8c9c-b6f842a496be,5,4906.01
fc8b12f4-6379-48c1-b109-c7f813366511,055abb20-da1b-4273-a562-1971a9050a68,f9b39dcb-a088-493b-8064-b46a2605c3e3,4,1728.96
91089138-7c52-4c4d-9923-97a7d4a03dc5,055abb20-da1b-4273-a562-1971a9050a68,7c79d25b-61d2-4adc-9ad2-f2f0de3de31e,2,2739.04
33b2f3fa-0843-47cf-9823-8c27ee286e7c,055abb20-da1b-4273-a562-1971a9050a68,ec3a70da-7e10-4f1e-a000-5d3cb06692c2,4,2561.23
b2a0ce33-0a09-45c2-bf61-2225a71aa28c,ab198f21-8d8d-4b41-a380-a9885bb1492e,7c79d25b-61d2-4adc-9ad2-f2f0de3de31e,3,2739.04
23e7407a-9c48-4030-944f-e81978b5d333,ab198f21-8d8d-4b41-a380-a9885bb1492e,a7c9d8bb-b1c0-4cab-9bc7-7773e008d8fd,1,1948.33
402639eb-7832-4124-be6d-974282d11486,9e769fa3-7acb-466b-bb4d-bafa1dafd95b,a684be17-8b0e-4f62-9048-75edee52b09c,4,4361.05
0f76b7b1-6ee7-4d5c-8767-a1bbad3200f0,fada7b63-021c-4588-88ef-189327bc4e02,a684be17-8b0e-4f62-9048-75edee52b09c,2,4361.05
65700a58-7bd2-4aee-be01-30dd7c4cf429,abe78827-0c12-4350-b9bb-5f7ce8a50cf5,9babb22c-e856-499f-ac43-94ed6ba62a37,3,4827.64
18e08702-2b69-41f4-b4c4-d6a8d88125c4,0e4c16d2-3f35-4080-a1ce-82ffc44e5754,7c79d25b-61d2-4adc-9ad2-f2f0de3de31e,1,2739.04
f7b48d4e-0f95-4086-b970-13611e4f936e,0e4c16d2-3f35-4080-a1ce-82ffc44e5754,ec3a70da-7e10-4f1e-a000-5d3cb06692c2,4,2561.23
dc723b2f-d8e5-4c03-8c73-51dab901129e,b09ff02b-b0f3-456e-8d1b-7c58206d756a,08d99a45-863b-464f-a4be-92e824ba1a9f,5,4339.78
e1ff8748-516b-4297-86f6-8c4b31edf815,b09ff02b-b0f3-456e-8d1b-7c58206d756a,250d24fd-1292-495a-8bc0-dc5ee4b7abcd,2,1270.15
1ec3966d-cb81-4315-b3db-9631dcd29c78,72b78941-7840-4bea-a19a-3f3e258a3b39,8f67b686-c7da-4758-8b1c-0808d0a38dbe,5,2417.58
436cda51-ff8d-4d55-a8e6-617edf56c483,72b78941-7840-4bea-a19a-3f3e258a3b39,9babb22c-e856-499f-ac43-94ed6ba62a37,5,4827.64
0b7919f4-4584-47ca-836f-a85b7a24bed2,72b78941-7840-4bea-a19a-3f3e258a3b39,8f67b686-c7da-4758-8b1c-0808d0a38dbe,1,2417.58
8916ce27-0f18-4c2a-8838-ded783d85316,5c4476f3-e88b-45a2-ad2f-ab9d886af26a,250d24fd-1292-495a-8bc0-dc5ee4b7abcd,1,1270.15
09865415-9c55-467a-b161-2b30aff6bfe3,455f6bbe-512b-4db8-be6f-1beae8b7477c,f9b39dcb-a088-493b-8064-b46a2605c3e3,1,1728.96
6a93bef5-1653-4550-9092-59b02404b018,455f6bbe-512b-4db8-be6f-1beae8b7477c,250d24fd-1292-495a-8bc0-dc5ee4b7abcd,5,1270.15
f6461da9-74a0-483a-8152-f5a6eaf79ff1,0fa7bc5f-518d-4231-8317-202e3a27f896,9babb22c-e856-499f-ac43-94ed6ba62a37,2,4827.64
1f8dc4f2-1308-4724-9e33-bf0d6e3643fa,20840e5f-2261-4330-a93d-10ac6aee819a,08d99a45-863b-464f-a4be-92e824ba1a9f,2,4339.78
9cbe9c21-2eb7-445c-8fc2-db46549cdb8c,a5fad94a-f375-4816-9902-52e0eeea7d71,a684be17-8b0e-4f62-9048-75edee52b09c,1,4361.05
d656593d-1f63-4ea9-b837-8483d1c5b7a4,a5fad94a-f375-4816-9902-52e0eeea7d71,9babb22c-e856-499f-ac43-94ed6ba62a37,2,4827.64
012891dd-c4f8-438f-a5e1-e5430b8adf67,110ee367-fb9a-43bd-8001-8805b8e08259,1233b869-bc27-4cf2-b5c6-2dcb724f1f25,4,1244.46
bde0555f-e7cd-4d63-987e-465fb4e8831b,110ee367-fb9a-43bd-8001-8805b8e08259,270845ca-fa92-4071-8c9c-b6f842a496be,4,4906.01
3556488d-250c-46e0-9e5d-4093e19b033c,c026b03e-4c89-4884-af03-6829208f3149,9babb22c-e856-499f-ac43-94ed6ba62a37,1,4827.64
760e3aa6-e3d4-41bd-8dc9-4dfce226bbda,c026b03e-4c89-4884-af03-6829208f3149,270845ca-fa92-4071-8c9c-b6f842a496be,4,4906.01
a56057ce-ea99-42c6-b6ac-f1c844d930c5,5a212036-b45a-40fd-86b4-d677c2ec9fc1,250d24fd-1292-495a-8bc0-dc5ee4b7abcd,1,1270.15
635cb4d5-409c-4ed3-8d1e-6d69d2b12001,5a212036-b45a-40fd-86b4-d677c2ec9fc1,7c79d25b-61d2-4adc-9ad2-f2f0de3de31e,3,2739.04
97f13671-1389-4ab0-bf58-29067d0d7d64,4823066b-e6e5-4167-bd62-8c4abe6f3b93,250d24fd-1292-495a-8bc0-dc5ee4b7abcd,4,1270.15
5113feb6-74b5-4cb3-a5d0-704deb858a22,4823066b-e6e5-4167-bd62-8c4abe6f3b93,08d99a45-863b-464f-a4be-92e824ba1a9f,3,4339.78
4ed2cab1-9548-43b3-9c59-632039b6a464,859726f5-676a-4b70-8402-92240526f28c,1233b869-bc27-4cf2-b5c6-2dcb724f1f25,3,1244.46
532219f3-fa9d-4d14-b1d8-d27c0cea7baf,859726f5-676a-4b70-8402-92240526f28c,8f67b686-c7da-4758-8b1c-0808d0a38dbe,2,2417.58
a28c926a-87fb-4359-bb94-87e3fb67f498,859726f5-676a-4b70-8402-92240526f28c,08d99a45-863b-464f-a4be-92e824ba1a9f,2,4339.78
459767c1-5367-43a2-b6b3-c472c5f42be1,d313ac8d-16ee-4f5d-b3c7-57a7550e2051,08d99a45-863b-464f-a4be-92e824ba1a9f,5,4339.78
08074089-0c36-4b85-ba13-42fe611e5061,d313ac8d-16ee-4f5d-b3c7-57a7550e2051,f9b39dcb-a088-493b-8064-b46a2605c3e3,4,1728.96
94125ec5-1672-44f4-bb86-d2c9f8af9407,d313ac8d-16ee-4f5d-b3c7-57a7550e2051,250d24fd-1292-495a-8bc0-dc5ee4b7abcd,3,1270.15
e5a99f55-489e-4f2c-b0a2-ae65403cff24,fa10936b-feec-4a32-9346-b09563983dd5,a684be17-8b0e-4f62-9048-75edee52b09c,2,4361.05
a1403a18-5f48-4542-8ed3-f27a9a030426,fa10936b-feec-4a32-9346-b09563983dd5,7c79d25b-61d2-4adc-9ad2-f2f0de3de31e,1,2739.04
7a691878-5291-4da2-a30b-ec50832b7ddf,fa10936b-feec-4a32-9346-b09563983dd5,270845ca-fa92-4071-8c9c-b6f842a496be,2,4906.01
577300a6-426e-41fb-a932-5d2c494db7cb,1f6618cb-0e1f-4f85-88ec-dfbfe53ed8d8,10106dca-f4f7-4122-a36b-cbe4320cbf42,2,313.87
e32ff788-cb64-41b7-bfb4-8fd2bc10e442,1f6618cb-0e1f-4f85-88ec-dfbfe53ed8d8,efbdd068-3525-46f3-afc9-155b4fb40b5f,3,1991.79
3a8753b2-ad32-483a-94a5-8e04af6296b6,1f6618cb-0e1f-4f85-88ec-dfbfe53ed8d8,270845ca-fa92-4071-8c9c-b6f842a496be,4,4906.01
e004b555-af15-4b62-a389-29befcb3351f,84baf152-b728-43ce-8199-9865e07e6070,10106dca-f4f7-4122-a36b-cbe4320cbf42,1,313.87
44774df0-1fae-4de0-9a27-5d6709034bba,84baf152-b728-43ce-8199-9865e07e6070,9babb22c-e856-499f-ac43-94ed6ba62a37,3,4827.64
298b3e74-b12c-4639-959f-91bf001bb143,84baf152-b728-43ce-8199-9865e07e6070,9c713008-52f4-4d91-a4b8-692297273f5c,3,3982.73
4184a7fa-187a-4cd2-bcd2-763836bf0f23,7f56dbea-989a-44c7-94ca-445a212fb617,270845ca-fa92-4071-8c9c-b6f842a496be,2,4906.01
872c732c-3cdc-40d0-8740-bf1658d7d5c7,7f56dbea-989a-44c7-94ca-445a212fb617,9babb22c-e856-499f-ac43-94ed6ba62a37,3,4827.64
1dc618ba-4ef2-42d6-a839-8228a43c99ad,7f56dbea-989a-44c7-94ca-445a212fb617,8f67b686-c7da-4758-8b1c-0808d0a38dbe,2,2417.58
f057b07a-be8f-4007-8f36-b489153688d2,b286a352-5e8d-4429-a9cc-0680e4accac6,8f67b686-c7da-4758-8b1c-0808d0a38dbe,5,2417.58
38095214-3af2-4a5d-baaf-97473d751aca,b286a352-5e8d-4429-a9cc-0680e4accac6,250d24fd-1292-495a-8bc0-dc5ee4b7abcd,4,1270.15
a21f6dbc-1db3-4f74-a623-0ef18df5d7aa,37c3883d-0e6f-4fd4-91d2-9420e3a215b3,270845ca-fa92-4071-8c9c-b6f842a496be,4,4906.01
726a1680-f97b-488c-8ed0-51fb4bd68400,37c3883d-0e6f-4fd4-91d2-9420e3a215b3,8f67b686-c7da-4758-8b1c-0808d0a38dbe,4,2417.58
ce6cf19a-0b3c-4f8a-aa50-0f4181a6461f,37c3883d-0e6f-4fd4-91d2-9420e3a215b3,9babb22c-e856-499f-ac43-94ed6ba62a37,4,4827.64
bd1d8441-ef86-41d2-8023-9751eacef112,df3e1bfc-ec77-4768-9d4e-9e6ac5db7530,9c713008-52f4-4d91-a4b8-692297273f5c,5,3982.73
5541ca4d-74e7-4bfb-8a30-0a7515bb8cee,df3e1bfc-ec77-4768-9d4e-9e6ac5db7530,250d24fd-1292-495a-8bc0-dc5ee4b7abcd,2,1270.15
a419d61f-dbab-4d2e-85ad-7254c2e30e08,ff2e007f-69d8-4c99-a3ba-8221176ec996,f9b39dcb-a088-493b-8064-b46a2605c3e3,3,1728.96
2817891b-cc24-4eec-932b-36b45189a7f1,ff2e007f-69d8-4c99-a3ba-8221176ec996,f9b39dcb-a088-493b-8064-b46a2605c3e3,2,1728.96
478c3c75-509b-4d2e-aecf-7b75b65b9753,ff2e007f-69d8-4c99-a3ba-8221176ec996,250d24fd-1292-495a-8bc0-dc5ee4b7abcd,2,1270.15
3e0c7b52-02d8-4cbe-af24-911a9b097253,75ed1824-35ee-4b0c-816a-46aeaa47122d,8f67b686-c7da-4758-8b1c-0808d0a38dbe,3,2417.58
02fc65ac-227b-4e80-b5f8-b4cc36750c2a,75ed1824-35ee-4b0c-816a-46aeaa47122d,f9b39dcb-a088-493b-8064-b46a2605c3e3,3,1728.96
65adb91f-72b3-455e-8378-cf8b10ec8269,75ed1824-35ee-4b0c-816a-46aeaa47122d,efbdd068-3525-46f3-afc9-155b4fb40b5f,5,1991.79
00909806-feca-4ffd-bec9-8e331bf2ef13,8edfa3e9-082f-4bda-ba1b-ec746a6f1d5f,9c713008-52f4-4d91-a4b8-692297273f5c,5,3982.73
54ca5cb0-055f-417a-b8e8-618e3b1861c0,0a8e3a2b-b895-4dc9-9182-f60fb10aee7a,9babb22c-e856-499f-ac43-94ed6ba62a37,5,4827.64
c05ec94f-78d8-4317-99e2-9d12a6373335,0a8e3a2b-b895-4dc9-9182-f60fb10aee7a,a684be17-8b0e-4f62-9048-75edee52b09c,2,4361.05
105bd297-dbb4-4fbc-89ee-151294f56a1f,0a8e3a2b-b895-4dc9-9182-f60fb10aee7a,9babb22c-e856-499f-ac43-94ed6ba62a37,5,4827.64
a410c364-fe8e-4703-a7e2-6110db3f47c1,e4325cb7-795d-48e8-9d0b-8718d577e79c,10106dca-f4f7-4122-a36b-cbe4320cbf42,2,313.87
797ac59e-6e5e-4cb7-96b0-53171c807659,e4325cb7-795d-48e8-9d0b-8718d577e79c,9babb22c-e856-499f-ac43-94ed6ba62a37,4,4827.64
2e86a023-9f9a-4c71-8ec9-e4d5a5fb139e,050881ad-6d76-4f33-9df3-f5b741bcbe39,10106dca-f4f7-4122-a36b-cbe4320cbf42,2,313.87
2a7d262c-15a0-481c-bfcc-b5791cb4db30,050881ad-6d76-4f33-9df3-f5b741bcbe39,250d24fd-1292-495a-8bc0-dc5ee4b7abcd,5,1270.15
a0b7bf89-67fa-43bf-9e8c-76b09d21a825,5a456568-b96a-4c2c-a3b6-816d44f7bc73,9babb22c-e856-499f-ac43-94ed6ba62a37,3,4827.64
4880226f-5513-4d12-8763-c063ed201f20,15c51013-b552-4084-8c90-c170a94630bb,f9b39dcb-a088-493b-8064-b46a2605c3e3,1,1728.96
05fb1e06-41c0-4997-993b-303a147405a2,01786235-276b-4528-b760-900c2ecbb16c,ec3a70da-7e10-4f1e-a000-5d3cb06692c2,2,2561.23
2ee991b1-4e7d-4eab-9218-5188055975e2,b592df72-14dd-411b-a054-4e2175b15f2f,10106dca-f4f7-4122-a36b-cbe4320cbf42,3,313.87
41cc3e48-3d51-4686-afc2-853504eb2040,b592df72-14dd-411b-a054-4e2175b15f2f,10106dca-f4f7-4122-a36b-cbe4320cbf42,1,313.87
c2243935-2846-4275-8a37-761de6fce19d,bee7f353-0415-47f7-86fe-07db0113593e,08d99a45-863b-464f-a4be-92e824ba1a9f,1,4339.78
c8cafaa9-1d31-498d-9708-46b4b18f484f,bee7f353-0415-47f7-86fe-07db0113593e,a684be17-8b0e-4f62-9048-75edee52b09c,4,4361.05
f34e78df-1877-4cd6-8680-e120dc876296,e00bbb88-a5e6-4cfc-8057-56a023da771f,270845ca-fa92-4071-8c9c-b6f842a496be,3,4906.01
b99b999f-8c33-494b-884a-ed71e7f368e6,e00bbb88-a5e6-4cfc-8057-56a023da771f,9babb22c-e856-499f-ac43-94ed6ba62a37,4,4827.64
4db5fd56-39e6-4755-9619-d6c19c6578dd,b58ce6e9-1ee5-42bc-ba31-b6de6c325494,a684be17-8b0e-4f62-9048-75edee52b09c,1,4361.05
f9569e72-2ec5-47c7-b843-13cb85e343e5,b58ce6e9-1ee5-42bc-ba31-b6de6c325494,1233b869-bc27-4cf2-b5c6-2dcb724f1f25,5,1244.46
43d4b2c6-468e-4a24-ad7d-7ea03db76109,b58ce6e9-1ee5-42bc-ba31-b6de6c325494,10106dca-f4f7-4122-a36b-cbe4320cbf42,5,313.87
d4501a68-b24b-4b11-a1de-697dc800fd1d,efabab83-42e2-4203-877c-e4a5b1dee259,9babb22c-e856-499f-ac43-94ed6ba62a37,3,4827.64
8d2baa2a-d131-4d6c-bfe6-42bd3b376184,efabab83-42e2-4203-877c-e4a5b1dee259,8f67b686-c7da-4758-8b1c-0808d0a38dbe,3,2417.58
f6a830d8-de3f-43d8-82fc-721f2f8c6fdd,08db2a16-bca7-41c9-b8a9-4d8c983b5a33,08d99a45-863b-464f-a4be-92e824ba1a9f,2,4339.78
e3959267-8bc0-432b-9a10-3f6a81bd9fef,74e48a59-0788-4289-af9a-aa6bfc23e637,5113d2fe-7936-4f37-90bd-70573e15c072,5,1726.77
2a928a82-f432-4886-90d1-d58ef2ffcb4a,74e48a59-0788-4289-af9a-aa6bfc23e637,250d24fd-1292-495a-8bc0-dc5ee4b7abcd,2,1270.15
af1d660e-1a59-487a-9adf-8de716c7b1bb,44e73124-4213-4e61-9ad2-a296de2c2787,8f67b686-c7da-4758-8b1c-0808d0a38dbe,4,2417.58
ceca1b4e-9c9d-4693-b635-42ae51ad3421,44e73124-4213-4e61-9ad2-a296de2c2787,270845ca-fa92-4071-8c9c-b6f842a496be,5,4906.01
3abf3037-00ee-4433-a7a6-2ec85ab79fa5,44e73124-4213-4e61-9ad2-a296de2c2787,a684be17-8b0e-4f62-9048-75edee52b09c,4,4361.05
fc60991e-3dd7-4b54-a82c-9579be622dc6,2d8d7b27-70d2-42b9-8dc3-5bb5e84f3994,9babb22c-e856-499f-ac43-94ed6ba62a37,1,4827.64
bbcc396a-ef55-443e-a25a-ea8c5f3b1930,2d8d7b27-70d2-42b9-8dc3-5bb5e84f3994,efbdd068-3525-46f3-afc9-155b4fb40b5f,4,1991.79
4706fbee-7d41-4950-a267-51c1a75cf6b5,d70f531d-890b-49ca-a397-b8a075b28402,08d99a45-863b-464f-a4be-92e824ba1a9f,5,4339.78
1da2f1f6-6e43-411e-90da-fedc17c1ee1f,d70f531d-890b-49ca-a397-b8a075b28402,10106dca-f4f7-4122-a36b-cbe4320cbf42,2,313.87
f19af5f6-2af8-418c-bc24-648f552028ce,d70f531d-890b-49ca-a397-b8a075b28402,8f67b686-c7da-4758-8b1c-0808d0a38dbe,5,2417.58
fabaf701-7029-4777-9208-ef433625c7a5,13849701-900d-45bc-849b-4a0d5b276eca,a7c9d8bb-b1c0-4cab-9bc7-7773e008d8fd,1,1948.33
de9b77e2-6b9d-4ef4-b931-f472b2633cff,4176a686-bdb5-4815-a744-05977df15583,5113d2fe-7936-4f37-90bd-70573e15c072,4,1726.77
f149010c-f2b0-4608-a2df-cb9618f9497e,4176a686-bdb5-4815-a744-05977df15583,ec3a70da-7e10-4f1e-a000-5d3cb06692c2,1,2561.23
b69e7e1e-ab68-47e2-b4df-d35ade6f585c,4176a686-bdb5-4815-a744-05977df15583,270845ca-fa92-4071-8c9c-b6f842a496be,2,4906.01
38ba263f-5f77-4cb0-9318-f64b39689b8f,0e45709f-e890-486c-a42a-f8eff1e26ead,250d24fd-1292-495a-8bc0-dc5ee4b7abcd,2,1270.15
385d5b34-d3ce-4a63-8515-19d206dc353a,0e45709f-e890-486c-a42a-f8eff1e26ead,10106dca-f4f7-4122-a36b-cbe4320cbf42,5,313.87
f0dfaabc-b5a9-4fda-93e2-082af55efd3d,3ad17249-73b1-4dea-9422-4839bfdffbb8,a7c9d8bb-b1c0-4cab-9bc7-7773e008d8fd,3,1948.33
933f7713-be1b-42a8-9aef-6187a2665f03,e453ee05-7841-4235-b5bc-4f78880d1d11,10106dca-f4f7-4122-a36b-cbe4320cbf42,3,313.87
e80f0e94-26f4-4af3-accd-4f47730ad1c1,e453ee05-7841-4235-b5bc-4f78880d1d11,10106dca-f4f7-4122-a36b-cbe4320cbf42,3,313.87
42188d92-ee7f-4651-aeb6-8fc48383b2f3,e453ee05-7841-4235-b5bc-4f78880d1d11,8f67b686-c7da-4758-8b1c-0808d0a38dbe,3,2417.58
dfd562d9-e0cf-4be4-a4cb-413a49ec6064,2887329c-580c-46d3-bd9e-62663ba805cd,a684be17-8b0e-4f62-9048-75edee52b09c,1,4361.05
983a3664-9f14-41b9-af7b-9b4d9b0f138d,6292d9f5-019a-44d8-a3cf-48ab2becaff5,a7c9d8bb-b1c0-4cab-9bc7-7773e008d8fd,2,1948.33
451de8a2-0bb1-49f3-bd2f-9ff3549d426f,6292d9f5-019a-44d8-a3cf-48ab2becaff5,ec3a70da-7e10-4f1e-a000-5d3cb06692c2,5,2561.23
209c5cde-c1f3-460b-9c14-2cb32d86ab90,fb7ec1fc-39f7-4bb0-85d5-7e90b06e4917,a7c9d8bb-b1c0-4cab-9bc7-7773e008d8fd,2,1948.33
db5d1827-bb49-4e32-820b-1588e22b6360,fb7ec1fc-39f7-4bb0-85d5-7e90b06e4917,08d99a45-863b-464f-a4be-92e824ba1a9f,5,4339.78
13b10f59-fb54-4707-8210-a34ad1222176,fb7ec1fc-39f7-4bb0-85d5-7e90b06e4917,a7c9d8bb-b1c0-4cab-9bc7-7773e008d8fd,2,1948.33
77250c8b-9a3b-4d97-9c7a-a02317b8a03e,e3c9b5c5-7442-4b31-93db-a0bc7f2fd900,9babb22c-e856-499f-ac43-94ed6ba62a37,2,4827.64
7a116a92-aa7c-409d-a6b1-2b8d11b33272,e3c9b5c5-7442-4b31-93db-a0bc7f2fd900,08d99a45-863b-464f-a4be-92e824ba1a9f,5,4339.78
a58f464e-4452-4286-9e18-fb30723d5c3a,e3c9b5c5-7442-4b31-93db-a0bc7f2fd900,5113d2fe-7936-4f37-90bd-70573e15c072,2,1726.77
bfbdeb0c-5256-4cc6-9385-9fa25dbb45ff,27cc7859-6fc7-4a9d-aa96-c50a84d0d1a5,9babb22c-e856-499f-ac43-94ed6ba62a37,3,4827.64
fd96c302-ad67-4766-b4ca-7de09154a441,5f20ac73-adcc-4836-8ae2-2d80db83f6ee,270845ca-fa92-4071-8c9c-b6f842a496be,1,4906.01
f8cc3f71-68e7-40d6-beef-af02c624a60c,5f20ac73-adcc-4836-8ae2-2d80db83f6ee,5113d2fe-7936-4f37-90bd-70573e15c072,2,1726.77
2008fde3-60f2-44c0-a04e-654f69f48ecc,5f20ac73-adcc-4836-8ae2-2d80db83f6ee,1233b869-bc27-4cf2-b5c6-2dcb724f1f25,2,1244.46
ea5c37d7-966a-4485-8d06-d578e2745a47,cf5212bc-1dbc-4ae0-814c-aecc907750b5,a684be17-8b0e-4f62-9048-75edee52b09c,5,4361.05
a296835b-bf2a-44b1-bd50-11985f6f2895,88776afd-765f-4f0c-b6cc-d0f2419e4bc3,5113d2fe-7936-4f37-90bd-70573e15c072,2,1726.77
a8368c14-798d-4b2a-aa2b-73e8e4b0f7aa,88776afd-765f-4f0c-b6cc-d0f2419e4bc3,ec3a70da-7e10-4f1e-a000-5d3cb06692c2,5,2561.23
07390c5c-ca4e-456c-8308-b2f9d965c754,7f5846bb-c717-4015-8d0d-cbf88afe4acd,9c713008-52f4-4d91-a4b8-692297273f5c,3,3982.73
52490892-641a-49fc-a946-bf305a4dac0d,7f5846bb-c717-4015-8d0d-cbf88afe4acd,270845ca-fa92-4071-8c9c-b6f842a496be,2,4906.01
88d004ec-c9ac-48de-891d-e0038b1d3d8f,cf3ea160-cb49-4790-aa7e-7613af47b900,efbdd068-3525-46f3-afc9-155b4fb40b5f,4,1991.79
3b8ef656-a34c-4f15-864d-45b811dcb34a,d373302a-2c60-485b-9553-5e22330ed571,250d24fd-1292-495a-8bc0-dc5ee4b7abcd,2,1270.15
be4cc4d3-9ea1-47f0-a33a-9f1501e63287,d373302a-2c60-485b-9553-5e22330ed571,08d99a45-863b-464f-a4be-92e824ba1a9f,3,4339.78
c5cd0dde-b274-4da6-82de-0a05158bb069,7845e9fc-0c97-475f-8c83-cd22ad26e622,efbdd068-3525-46f3-afc9-155b4fb40b5f,1,1991.79
1032d219-9b60-49c1-bc47-f45ad964507c,7845e9fc-0c97-475f-8c83-cd22ad26e622,a684be17-8b0e-4f62-9048-75edee52b09c,3,4361.05
4274883d-4d84-4a3f-acfb-6ce86d4c1809,7845e9fc-0c97-475f-8c83-cd22ad26e622,270845ca-fa92-4071-8c9c-b6f842a496be,2,4906.01
ddb888be-6927-426e-b847-d272da002439,43d58041-c2e4-4f1d-baea-3c8e120eefdd,8f67b686-c7da-4758-8b1c-0808d0a38dbe,3,2417.58
4fa82e31-9da7-4927-abad-12f50b8e71c2,43d58041-c2e4-4f1d-baea-3c8e120eefdd,270845ca-fa92-4071-8c9c-b6f842a496be,1,4906.01
dfba65c2-60d6-42e0-b1a5-feaf5ad0665f,43d58041-c2e4-4f1d-baea-3c8e120eefdd,9c713008-52f4-4d91-a4b8-692297273f5c,3,3982.73
1286ab48-35c5-4244-8fda-51651ff81fea,79cbb880-b8ab-4563-8990-7c64095144f8,efbdd068-3525-46f3-afc9-155b4fb40b5f,3,1991.79
8930b44b-efd7-4720-b6bd-fe1860e97e5b,79cbb880-b8ab-4563-8990-7c64095144f8,1233b869-bc27-4cf2-b5c6-2dcb724f1f25,5,1244.46
53ae091a-5204-45e8-a753-6fe4d1607aa7,79cbb880-b8ab-4563-8990-7c64095144f8,5113d2fe-7936-4f37-90bd-70573e15c072,4,1726.77
7fa49b60-b196-42dc-882d-d610d298cd47,bd0fb6d7-a512-4560-837d-2093905ce321,8f67b686-c7da-4758-8b1c-0808d0a38dbe,3,2417.58
d3a6b6a9-fe9c-41d3-982d-3b117e15c5d6,bd0fb6d7-a512-4560-837d-2093905ce321,7c79d25b-61d2-4adc-9ad2-f2f0de3de31e,5,2739.04
b9b6d9ac-b88b-41d5-8613-6d66801a4f30,f23d4dd4-2fa2-4224-9552-4250acb9e1d7,8f67b686-c7da-4758-8b1c-0808d0a38dbe,2,2417.58
74283842-9688-4a4f-b573-fe103e60601a,f23d4dd4-2fa2-4224-9552-4250acb9e1d7,f9b39dcb-a088-493b-8064-b46a2605c3e3,3,1728.96
b9bac586-2385-4e17-9c4f-729a99da3c29,f23d4dd4-2fa2-4224-9552-4250acb9e1d7,ec3a70da-7e10-4f1e-a000-5d3cb06692c2,5,2561.23
a80d157f-6681-4e39-b1e1-89a31c329888,0461b4f6-c293-4831-82b4-0a1951a8f8fe,10106dca-f4f7-4122-a36b-cbe4320cbf42,1,313.87
76075a52-edf5-451c-a2b8-b71b39ad0c60,0461b4f6-c293-4831-82b4-0a1951a8f8fe,10106dca-f4f7-4122-a36b-cbe4320cbf42,2,313.87
589eaabc-df00-40c4-b229-7a4bc0b9b1ef,0461b4f6-c293-4831-82b4-0a1951a8f8fe,8f67b686-c7da-4758-8b1c-0808d0a38dbe,4,2417.58
e8b06627-deb8-49f6-ab8b-439e63597930,9b0b7f8f-1c9a-4ef2-84f4-6c143842828c,ec3a70da-7e10-4f1e-a000-5d3cb06692c2,1,2561.23
1ba180f3-cde4-4853-a44a-087dd0adbfd0,9b0b7f8f-1c9a-4ef2-84f4-6c143842828c,270845ca-fa92-4071-8c9c-b6f842a496be,2,4906.01
e319512a-a5ff-4d29-a477-2bc1bef21413,0b5f715d-2a27-4003-a1f5-c364194d1613,5113d2fe-7936-4f37-90bd-70573e15c072,1,1726.77
2322e069-8f00-465c-90f3-b9d7e3431c64,75fb324a-c90a-4c7a-b2f1-be06e504d4ce,10106dca-f4f7-4122-a36b-cbe4320cbf42,4,313.87
21631f7f-b524-4a15-8d74-113bb4cefb3b,75fb324a-c90a-4c7a-b2f1-be06e504d4ce,1233b869-bc27-4cf2-b5c6-2dcb724f1f25,1,1244.46
8d34c9ad-3063-4244-824f-0a7e26121439,459dc0bb-a10f-4ce7-addd-0a64f37f4d14,8f67b686-c7da-4758-8b1c-0808d0a38dbe,2,2417.58
85fdfc00-0ea5-47c6-aa2a-5c8747eba75b,459dc0bb-a10f-4ce7-addd-0a64f37f4d14,270845ca-fa92-4071-8c9c-b6f842a496be,2,4906.01
588ea094-0338-4ee4-bc27-3785c159b125,940b95dd-4b47-4876-bfc9-93a031034e48,1233b869-bc27-4cf2-b5c6-2dcb724f1f25,2,1244.46
a5ce3ce6-5897-43ab-8833-578152854e7d,940b95dd-4b47-4876-bfc9-93a031034e48,a7c9d8bb-b1c0-4cab-9bc7-7773e008d8fd,4,1948.33
a510b22f-f9ec-4e4b-946e-323400af6b27,940b95dd-4b47-4876-bfc9-93a031034e48,250d24fd-1292-495a-8bc0-dc5ee4b7abcd,2,1270.15
76ce460d-0c68-4539-9299-d40eb08a7fcd,8479e84e-9f20-4e83-9ccf-53912be3f9ca,efbdd068-3525-46f3-afc9-155b4fb40b5f,1,1991.79
f004e837-bc9b-40ff-b36a-41b0fcbcd752,8479e84e-9f20-4e83-9ccf-53912be3f9ca,a7c9d8bb-b1c0-4cab-9bc7-7773e008d8fd,2,1948.33
aae72766-eb6b-45e5-bfd2-9eb699a65bb9,f00e21b2-2c68-4b25-bc9e-7c5b3280615d,270845ca-fa92-4071-8c9c-b6f842a496be,1,4906.01
2c2f4600-7c81-45a6-a95c-698aec9f1df5,09e8242e-d03e-42f4-83a2-acdf54e721f5,a7c9d8bb-b1c0-4cab-9bc7-7773e008d8fd,5,1948.33
8b7df6f8-137b-425e-938a-c35d111a1e6e,09e8242e-d03e-42f4-83a2-acdf54e721f5,250d24fd-1292-495a-8bc0-dc5ee4b7abcd,5,1270.15
240cf68c-c8fd-4ab8-a357-2e688ce8c23d,add01b03-0a16-4d03-989c-d770643f15d2,a684be17-8b0e-4f62-9048-75edee52b09c,1,4361.05
4370b354-8e88-4c90-9899-a5204fb40ace,add01b03-0a16-4d03-989c-d770643f15d2,8f67b686-c7da-4758-8b1c-0808d0a38dbe,5,2417.58
21d3350c-2bb3-4074-a201-caf29eb21045,3487c49f-f38d-49a9-b632-8c76ab95d104,9c713008-52f4-4d91-a4b8-692297273f5c,4,3982.73
f010cca3-668b-4c0f-b62c-23a921c85d4c,3487c49f-f38d-49a9-b632-8c76ab95d104,9babb22c-e856-499f-ac43-94ed6ba62a37,5,4827.64
277634e6-1798-4385-bb2e-fb13c251e7e0,f28ad36f-5eeb-47b8-b71e-e359482cf64f,10106dca-f4f7-4122-a36b-cbe4320cbf42,2,313.87
f59bd192-f369-4a40-8b24-5f2427e40579,f28ad36f-5eeb-47b8-b71e-e359482cf64f,ec3a70da-7e10-4f1e-a000-5d3cb06692c2,2,2561.23
a7a1363a-a930-4249-9028-fb417bf1fcb4,f28ad36f-5eeb-47b8-b71e-e359482cf64f,a684be17-8b0e-4f62-9048-75edee52b09c,2,4361.05
83917921-e246-4258-b6c2-d25028bcb6db,80eabd66-7f36-44e2-85e2-f3b1be4dc38b,a7c9d8bb-b1c0-4cab-9bc7-7773e008d8fd,3,1948.33
055a6e95-0357-4419-94fa-d65ebe15b10b,80eabd66-7f36-44e2-85e2-f3b1be4dc38b,a7c9d8bb-b1c0-4cab-9bc7-7773e008d8fd,3,1948.33
2930e97b-8131-4884-b077-7f977bac7102,67338470-b0d3-4da3-862c-fd1287980ff3,a684be17-8b0e-4f62-9048-75edee52b09c,4,4361.05
9ba120a9-2c25-4339-9027-55db2ac27f04,31f86b84-a3fc-466d-90e6-b9d10cb65b6c,10106dca-f4f7-4122-a36b-cbe4320cbf42,2,313.87
55a76d6b-b2f2-4492-b1a6-6a32c047ca83,d3119206-28a0-4be8-aa29-502525a2cbda,270845ca-fa92-4071-8c9c-b6f842a496be,4,4906.01
dccaf5db-093f-4079-ba9e-f421d30ddf44,b4c67525-c487-423a-b260-0bad6a00a6e0,250d24fd-1292-495a-8bc0-dc5ee4b7abcd,3,1270.15
81d5bf71-60f7-4d4a-9240-b9b3e47e1a0a,b4c67525-c487-423a-b260-0bad6a00a6e0,1233b869-bc27-4cf2-b5c6-2dcb724f1f25,4,1244.46
c6d9d7a6-a70d-440f-903d-b4cecb9c90a4,b4c67525-c487-423a-b260-0bad6a00a6e0,8f67b686-c7da-4758-8b1c-0808d0a38dbe,3,2417.58
5966766c-9a5c-4ec2-96c1-5028462a89bd,12f6a4c5-f8d5-4a2c-b8ef-41e63b1c030d,10106dca-f4f7-4122-a36b-cbe4320cbf42,3,313.87
70dcfead-e0d4-417a-a517-ab9eb0d69304,12f6a4c5-f8d5-4a2c-b8ef-41e63b1c030d,5113d2fe-7936-4f37-90bd-70573e15c072,2,1726.77
148685bd-55de-4cd0-9f3e-3bbfa69ee734,12f6a4c5-f8d5-4a2c-b8ef-41e63b1c030d,250d24fd-1292-495a-8bc0-dc5ee4b7abcd,3,1270.15
bb5990de-f29e-41f6-bb2c-bf7bd64bf529,e1dd5e5b-2732-4bf5-ba25-b3110444814d,5113d2fe-7936-4f37-90bd-70573e15c072,5,1726.77
4ea34eab-1a06-4be4-b2a3-d25aabafa3ec,e1dd5e5b-2732-4bf5-ba25-b3110444814d,efbdd068-3525-46f3-afc9-155b4fb40b5f,4,1991.79
a3671a1b-70d2-4a2d-ad89-2d29f6ec5cd5,e1dd5e5b-2732-4bf5-ba25-b3110444814d,a684be17-8b0e-4f62-9048-75edee52b09c,2,4361.05
48d61222-a5c5-4fea-8667-82a8c4cbfc4d,01dec3f7-08ab-493b-a290-a0cf18fc1136,9c713008-52f4-4d91-a4b8-692297273f5c,3,3982.73
26de39be-d982-4a7b-893e-ca1a45aeff80,01dec3f7-08ab-493b-a290-a0cf18fc1136,a684be17-8b0e-4f62-9048-75edee52b09c,4,4361.05
05e081d9-f9f6-4049-8575-89f4424031a5,01dec3f7-08ab-493b-a290-a0cf18fc1136,270845ca-fa92-4071-8c9c-b6f842a496be,4,4906.01
dbd1c13e-4f07-46cb-a5b6-d8f2af8bdd66,9e302969-2820-4808-9211-84e2a5efeef4,10106dca-f4f7-4122-a36b-cbe4320cbf42,2,313.87
4ec527a7-3cd0-4f14-85d8-1a510806da8a,9e302969-2820-4808-9211-84e2a5efeef4,5113d2fe-7936-4f37-90bd-70573e15c072,5,1726.77
0adf6f9d-8403-4924-b619-dad7ddafdc22,9e302969-2820-4808-9211-84e2a5efeef4,9c713008-52f4-4d91-a4b8-692297273f5c,1,3982.73
6b7cdce0-7e8f-40f4-b6f9-07c8e6d1da3e,193183ee-aa23-43e6-9855-bcf4220286f9,f9b39dcb-a088-493b-8064-b46a2605c3e3,2,1728.96
4a9a9e22-5903-42d1-a0db-634ed97eac33,193183ee-aa23-43e6-9855-bcf4220286f9,7c79d25b-61d2-4adc-9ad2-f2f0de3de31e,2,2739.04
5aa21d57-9c83-41f4-963c-ad66d2f1f287,4ff6d4e0-53ab-4f7c-aa0d-8b01929d2b11,9c713008-52f4-4d91-a4b8-692297273f5c,5,3982.73
cced3287-f246-42ef-95cd-331b3784c280,4ff6d4e0-53ab-4f7c-aa0d-8b01929d2b11,5113d2fe-7936-4f37-90bd-70573e15c072,4,1726.77
b973d5b6-3ce2-4624-89dc-8a78f7f68c2c,4ff6d4e0-53ab-4f7c-aa0d-8b01929d2b11,9c713008-52f4-4d91-a4b8-692297273f5c,4,3982.73
607d318a-d44f-45b3-80b1-7138031e93e6,8952dfb8-174a-4447-a9ba-f8a568611144,270845ca-fa92-4071-8c9c-b6f842a496be,3,4906.01
bca8caf8-5da9-4ba8-814a-da48ab0eaf43,8952dfb8-174a-4447-a9ba-f8a568611144,8f67b686-c7da-4758-8b1c-0808d0a38dbe,3,2417.58
236d5b02-e3c9-479f-b607-9a46e8527636,8952dfb8-174a-4447-a9ba-f8a568611144,08d99a45-863b-464f-a4be-92e824ba1a9f,5,4339.78
98ebfc51-9e68-4e4a-bf2d-3edb8bcfb988,8d625a34-f94d-4877-a851-36f5a769e294,efbdd068-3525-46f3-afc9-155b4fb40b5f,5,1991.79
b202bd87-508f-444e-9d71-25b3425e77fe,ea0581e8-d8d3-4d49-b7d6-b795a5428569,efbdd068-3525-46f3-afc9-155b4fb40b5f,2,1991.79
5cf22460-9c7d-4998-bf9d-1371244dd143,ea0581e8-d8d3-4d49-b7d6-b795a5428569,270845ca-fa92-4071-8c9c-b6f842a496be,2,4906.01
37ae387d-9aba-4ded-97f1-8d627d1f20ba,1847166b-bf41-4862-8c59-9fa8c5ac2718,1233b869-bc27-4cf2-b5c6-2dcb724f1f25,5,1244.46
562c7dea-7f3b-4037-8731-f7f5f419e164,1847166b-bf41-4862-8c59-9fa8c5ac2718,10106dca-f4f7-4122-a36b-cbe4320cbf42,1,313.87
cb3055fd-51e3-4bd5-aee3-8444ebad5db3,4a5d5713-b531-415d-a93e-bfb01071e94f,ec3a70da-7e10-4f1e-a000-5d3cb06692c2,1,2561.23
be24b171-49df-494c-8203-cf7c5f2e36f0,4a5d5713-b531-415d-a93e-bfb01071e94f,5113d2fe-7936-4f37-90bd-70573e15c072,5,1726.77
254b535f-7241-4f44-bced-a0edd000894c,4a5d5713-b531-415d-a93e-bfb01071e94f,5113d2fe-7936-4f37-90bd-70573e15c072,1,1726.77
54cc9502-e3aa-4635-a89e-04b833a21d81,987f3f83-8177-46c4-acb6-e1eedaf0426e,08d99a45-863b-464f-a4be-92e824ba1a9f,1,4339.78
0f3d6be4-2557-4881-a7da-fc9e85a960fb,987f3f83-8177-46c4-acb6-e1eedaf0426e,9c713008-52f4-4d91-a4b8-692297273f5c,3,3982.73
49e1f016-db9f-4aef-8e1a-98532df6d525,942f00ee-352d-4ab2-9b1d-6ddd6e91d234,f9b39dcb-a088-493b-8064-b46a2605c3e3,4,1728.96
a2841a03-a656-4084-bb10-a9edf1f719f1,942f00ee-352d-4ab2-9b1d-6ddd6e91d234,5113d2fe-7936-4f37-90bd-70573e15c072,1,1726.77
d3a1052b-f663-4654-adfb-8ef9aac9d734,942f00ee-352d-4ab2-9b1d-6ddd6e91d234,a684be17-8b0e-4f62-9048-75edee52b09c,2,4361.05
bf32ee0a-b6de-4215-b686-f9a698f68c16,e13be9b9-60c1-4714-8d81-acc858b7af4c,9babb22c-e856-499f-ac43-94ed6ba62a37,2,4827.64
4fd902d0-bddc-44ef-83df-f8c2266d1309,e13be9b9-60c1-4714-8d81-acc858b7af4c,9babb22c-e856-499f-ac43-94ed6ba62a37,1,4827.64
123e5efc-49ac-45db-bd22-b3869d1d207f,fbadd433-9953-40d5-b27d-67f51b72a5ba,efbdd068-3525-46f3-afc9-155b4fb40b5f,4,1991.79
851ea26d-1474-4202-92ce-d9ff927dc402,fbadd433-9953-40d5-b27d-67f51b72a5ba,9babb22c-e856-499f-ac43-94ed6ba62a37,3,4827.64
cde7d1ca-c0f4-4866-9b40-09beec63562c,fbadd433-9953-40d5-b27d-67f51b72a5ba,08d99a45-863b-464f-a4be-92e824ba1a9f,3,4339.78
c1191873-a33b-440d-9c44-c57db6df4df5,15b2174f-7827-4cd6-9c0c-9ff09a54bffb,efbdd068-3525-46f3-afc9-155b4fb40b5f,4,1991.79
95870435-cfb6-4ad4-ba2f-f9091b9ac3d6,15b2174f-7827-4cd6-9c0c-9ff09a54bffb,7c79d25b-61d2-4adc-9ad2-f2f0de3de31e,5,2739.04
1bb454a1-0ad7-4d34-8204-ecb6fb512a69,15b2174f-7827-4cd6-9c0c-9ff09a54bffb,a684be17-8b0e-4f62-9048-75edee52b09c,2,4361.05
b3941c47-1e30-4528-86b7-89b0cf282605,f0daeb6f-8f2c-4520-98a3-3d0ffb333d62,250d24fd-1292-495a-8bc0-dc5ee4b7abcd,1,1270.15
ce56b148-e2cc-4e76-ac27-24574d25e4ff,f0daeb6f-8f2c-4520-98a3-3d0ffb333d62,7c79d25b-61d2-4adc-9ad2-f2f0de3de31e,1,2739.04
43ddd57d-eb6e-48c5-8b76-a37a470760fd,89541b34-a326-4767-b50e-863409b91424,1233b869-bc27-4cf2-b5c6-2dcb724f1f25,4,1244.46
cb5194ba-34df-47eb-90f5-3a28d22e0edb,f28dd4e4-7f94-454f-9c8f-eec7eb251a14,9babb22c-e856-499f-ac43-94ed6ba62a37,3,4827.64
d0477bc9-b7ac-44fa-989a-a6f03b6e36d6,f28dd4e4-7f94-454f-9c8f-eec7eb251a14,ec3a70da-7e10-4f1e-a000-5d3cb06692c2,4,2561.23
3a007674-a6b2-4547-b998-133b1a500ec6,f28dd4e4-7f94-454f-9c8f-eec7eb251a14,08d99a45-863b-464f-a4be-92e824ba1a9f,3,4339.78
605615db-84e1-4791-aaa2-8571effaed32,65b120e0-86b8-4b73-a0db-e3c351cd8c29,f9b39dcb-a088-493b-8064-b46a2605c3e3,4,1728.96
8381884c-8c11-4135-962d-150a8d1077e5,65b120e0-86b8-4b73-a0db-e3c351cd8c29,f9b39dcb-a088-493b-8064-b46a2605c3e3,2,1728.96
b39d98c1-7924-4f28-bc42-192fe158174e,65b120e0-86b8-4b73-a0db-e3c351cd8c29,a684be17-8b0e-4f62-9048-75edee52b09c,3,4361.05
fbf95ee9-961f-4784-b915-f88051bf1762,e21cb119-4676-4e3e-85cd-3a2e24fd33aa,10106dca-f4f7-4122-a36b-cbe4320cbf42,1,313.87
269121ad-aff4-44f1-b71a-c92a87655978,e21cb119-4676-4e3e-85cd-3a2e24fd33aa,250d24fd-1292-495a-8bc0-dc5ee4b7abcd,3,1270.15
31979a39-2ac0-40f5-9e3b-c3cc1bfdb2c3,0790af75-4b13-44d7-8c59-61eeb0b866fa,7c79d25b-61d2-4adc-9ad2-f2f0de3de31e,2,2739.04
ac517a2a-b557-4459-a87c-60f5e3167c68,0790af75-4b13-44d7-8c59-61eeb0b866fa,a684be17-8b0e-4f62-9048-75edee52b09c,1,4361.05
1091e18e-7c83-4e57-8859-b2a6fb861cfa,92801d7a-fa0b-4026-bfea-b7e0926d2442,ec3a70da-7e10-4f1e-a000-5d3cb06692c2,5,2561.23
faf5d192-9529-49e2-9383-e2c6eb44ad6d,92801d7a-fa0b-4026-bfea-b7e0926d2442,f9b39dcb-a088-493b-8064-b46a2605c3e3,3,1728.96
fe1d2bb4-2f97-4505-8425-fa80ffcbc77f,58469717-b442-4bd9-811a-ca3b65eed77c,250d24fd-1292-495a-8bc0-dc5ee4b7abcd,3,1270.15
7d197623-2336-4c9a-8f85-617a1a662892,58469717-b442-4bd9-811a-ca3b65eed77c,270845ca-fa92-4071-8c9c-b6f842a496be,4,4906.01
06b44b16-8cb7-4930-8e57-f4a8ee1d88b1,d6fb6fbc-9aa0-4dbc-8a5d-251394dace83,5113d2fe-7936-4f37-90bd-70573e15c072,5,1726.77
54fe9603-3f19-4d5d-9bc8-84167c65b6d4,8a252fbc-4edb-424f-911f-c0ee4e132985,10106dca-f4f7-4122-a36b-cbe4320cbf42,2,313.87
3a53df7e-1382-4c84-9f9e-c425c4f42bef,8a252fbc-4edb-424f-911f-c0ee4e132985,10106dca-f4f7-4122-a36b-cbe4320cbf42,3,313.87
bedc90e6-c442-42dc-bdae-e1fc2bbc440e,8a252fbc-4edb-424f-911f-c0ee4e132985,ec3a70da-7e10-4f1e-a000-5d3cb06692c2,1,2561.23
4f635105-244d-4132-846a-59f2db1ffa06,54caf866-e6cd-4361-9406-d8faeab0ba36,f9b39dcb-a088-493b-8064-b46a2605c3e3,4,1728.96
338be268-2918-470e-9d98-cd31207d3c15,54caf866-e6cd-4361-9406-d8faeab0ba36,9babb22c-e856-499f-ac43-94ed6ba62a37,4,4827.64
5cfb6b2d-d000-42d9-80a8-b326d2facfbc,54caf866-e6cd-4361-9406-d8faeab0ba36,7c79d25b-61d2-4adc-9ad2-f2f0de3de31e,4,2739.04
39e1eeb2-4179-4b06-95fb-cf75d50b586a,11b39f95-d55d-45de-a58a-1d0ed4f3d30c,270845ca-fa92-4071-8c9c-b6f842a496be,5,4906.01
36f5f6b4-359d-42fe-91ec-981e461ad93b,11b39f95-d55d-45de-a58a-1d0ed4f3d30c,efbdd068-3525-46f3-afc9-155b4fb40b5f,1,1991.79
794bbd6a-f522-498a-92ce-9607e52b8d29,66a162a7-4222-4d62-be00-1589a79970f4,efbdd068-3525-46f3-afc9-155b4fb40b5f,4,1991.79
c98ffc88-802e-4909-8026-4a5c3b6fa400,1d847c4e-812d-4e75-8fba-4cb309603e5f,8f67b686-c7da-4758-8b1c-0808d0a38dbe,5,2417.58
38ad2e52-5578-4a7b-baea-0e62949a5136,1d847c4e-812d-4e75-8fba-4cb309603e5f,efbdd068-3525-46f3-afc9-155b4fb40b5f,5,1991.79
0b8098c1-f0fa-4040-92e8-8f6f50744d37,1d847c4e-812d-4e75-8fba-4cb309603e5f,a7c9d8bb-b1c0-4cab-9bc7-7773e008d8fd,4,1948.33
f17c83cd-4faf-433b-aa2c-3262de73c09d,565b8a1f-cb33-4b39-b5a5-39bd508fd0c4,08d99a45-863b-464f-a4be-92e824ba1a9f,4,4339.78
1dd6c042-8f7e-4682-8f7c-e6ce0b4f4007,565b8a1f-cb33-4b39-b5a5-39bd508fd0c4,7c79d25b-61d2-4adc-9ad2-f2f0de3de31e,3,2739.04
1441074d-ab0c-4c39-805f-96377acee808,c8be7188-8419-4315-86b1-636308ba4580,10106dca-f4f7-4122-a36b-cbe4320cbf42,2,313.87
0222afbb-890a-4794-8f33-a9da66937678,c8be7188-8419-4315-86b1-636308ba4580,8f67b686-c7da-4758-8b1c-0808d0a38dbe,4,2417.58
9b14425b-6191-41cc-8582-8807777e5f0c,fbefb9a5-77c5-48e4-ae0d-e1ff911b4193,08d99a45-863b-464f-a4be-92e824ba1a9f,1,4339.78
cc535a02-b203-4aa1-be25-0e294f44409d,fbefb9a5-77c5-48e4-ae0d-e1ff911b4193,08d99a45-863b-464f-a4be-92e824ba1a9f,3,4339.78
e9cf7a37-721c-4cfe-be4a-4881c7e582b8,fbee58d4-783b-47b1-bef8-fe9de0de6a45,8f67b686-c7da-4758-8b1c-0808d0a38dbe,2,2417.58
bc3a22dc-4590-48ef-b2e3-004d0f768489,244988da-edb3-4e03-a772-89f7c8a6e07b,f9b39dcb-a088-493b-8064-b46a2605c3e3,4,1728.96
a395d7b5-0fbb-451f-9c48-b842d30a0834,10f6faa5-b5a2-4dd4-8871-6ed690a52bef,1233b869-bc27-4cf2-b5c6-2dcb724f1f25,1,1244.46
680263d1-a718-4461-b28d-8ed7f38e7b7a,10f6faa5-b5a2-4dd4-8871-6ed690a52bef,270845ca-fa92-4071-8c9c-b6f842a496be,2,4906.01
53143ad4-82bd-4da5-97b0-6723a931e4e5,ae40c581-a2e4-442d-a102-9b794b208aa8,9babb22c-e856-499f-ac43-94ed6ba62a37,5,4827.64
0cdc6382-e93a-4391-8b96-cec517eaced8,73df42a7-7084-44da-86cb-da83c3b54e83,ec3a70da-7e10-4f1e-a000-5d3cb06692c2,4,2561.23
73ce3103-b872-405e-9b15-1ed53012fa1d,73df42a7-7084-44da-86cb-da83c3b54e83,8f67b686-c7da-4758-8b1c-0808d0a38dbe,3,2417.58
1decad3c-1528-4a8a-a119-8682b7f2f124,73df42a7-7084-44da-86cb-da83c3b54e83,efbdd068-3525-46f3-afc9-155b4fb40b5f,4,1991.79
04048d57-ca2a-4d75-a98b-b1224f18e8ac,a048482b-f9b4-4487-b7c1-9affec7cabd8,270845ca-fa92-4071-8c9c-b6f842a496be,3,4906.01
2e824943-d65f-454b-90d9-26a66b6860b0,a048482b-f9b4-4487-b7c1-9affec7cabd8,5113d2fe-7936-4f37-90bd-70573e15c072,5,1726.77
62d1ec94-402f-4f5e-ac38-c8cf85a7c966,a048482b-f9b4-4487-b7c1-9affec7cabd8,efbdd068-3525-46f3-afc9-155b4fb40b5f,1,1991.79
a8f294d6-8ebf-437b-bfdb-98795f0f13b6,c1ffcc49-5e72-46c0-8be3-1038dd7ece1a,270845ca-fa92-4071-8c9c-b6f842a496be,2,4906.01
8b6bfb00-94e2-4446-85ff-66aaa0ee4d16,c1ffcc49-5e72-46c0-8be3-1038dd7ece1a,8f67b686-c7da-4758-8b1c-0808d0a38dbe,4,2417.58
62357829-cba2-442b-885d-712ba0c089be,02d3e7f9-a79c-45fd-9bfd-3645910f4e53,8f67b686-c7da-4758-8b1c-0808d0a38dbe,2,2417.58
1beaf053-9261-43b2-a019-21d9b2b80eb7,02d3e7f9-a79c-45fd-9bfd-3645910f4e53,8f67b686-c7da-4758-8b1c-0808d0a38dbe,2,2417.58
93a8f839-dff2-4506-a85c-0501d006d064,02d3e7f9-a79c-45fd-9bfd-3645910f4e53,10106dca-f4f7-4122-a36b-cbe4320cbf42,3,313.87
bcc21a2c-e604-42ae-8641-06ed77da80c5,dab8f1e8-3297-4bce-a786-239b9ceaf7d4,08d99a45-863b-464f-a4be-92e824ba1a9f,4,4339.78
dc7704ed-a59a-4a53-934f-01b396489bba,dab8f1e8-3297-4bce-a786-239b9ceaf7d4,f9b39dcb-a088-493b-8064-b46a2605c3e3,2,1728.96
865c1abe-f336-43b9-af85-547b714b3211,e3be4816-d1a7-4037-8e3c-94c4dbc5ede2,ec3a70da-7e10-4f1e-a000-5d3cb06692c2,4,2561.23
dd0c1ba0-f6a6-4e05-8553-21e597db79d2,e3be4816-d1a7-4037-8e3c-94c4dbc5ede2,10106dca-f4f7-4122-a36b-cbe4320cbf42,2,313.87
7a1de9a3-f589-45ea-a8af-875315b4e5b1,e3be4816-d1a7-4037-8e3c-94c4dbc5ede2,7c79d25b-61d2-4adc-9ad2-f2f0de3de31e,5,2739.04
7a659aad-2218-4307-8ed7-5e7c4a3bcef2,f47de94d-fec9-4e7d-afa9-f6cd471d2359,f9b39dcb-a088-493b-8064-b46a2605c3e3,4,1728.96
a25cb1a2-9417-406a-8270-bf7fc34b14a4,f47de94d-fec9-4e7d-afa9-f6cd471d2359,efbdd068-3525-46f3-afc9-155b4fb40b5f,4,1991.79
27ec1046-1bbe-4c8f-a9d9-c2b486c9c10d,235010e0-625d-492f-939b-f50c2669b7a7,ec3a70da-7e10-4f1e-a000-5d3cb06692c2,1,2561.23
2150f5db-191a-4c1e-94c5-19de55ce219b,235010e0-625d-492f-939b-f50c2669b7a7,9babb22c-e856-499f-ac43-94ed6ba62a37,4,4827.64
a9df471d-5b74-40ac-9f25-b32fc0c1b5b5,235010e0-625d-492f-939b-f50c2669b7a7,8f67b686-c7da-4758-8b1c-0808d0a38dbe,2,2417.58
887bda24-49db-463c-99c7-6cbc24d68a90,7a5c3ec9-c43c-44db-8eb8-8a13108d1a2b,a684be17-8b0e-4f62-9048-75edee52b09c,3,4361.05
cf9bcb11-35f7-493b-acfc-58a5b2b6b69a,7a5c3ec9-c43c-44db-8eb8-8a13108d1a2b,ec3a70da-7e10-4f1e-a000-5d3cb06692c2,1,2561.23
0d0928af-9524-4aa5-a090-db30e05318f4,5df22784-a4f3-4f4f-bb8e-3fc443c645f0,ec3a70da-7e10-4f1e-a000-5d3cb06692c2,5,2561.23
57cacda5-6eba-412c-ae6d-24847e39665c,5df22784-a4f3-4f4f-bb8e-3fc443c645f0,9c713008-52f4-4d91-a4b8-692297273f5c,4,3982.73
1e3dd4f5-47a1-4583-ae38-500476ac5267,dab4ae0b-618d-429b-a4f9-8d23f370051e,250d24fd-1292-495a-8bc0-dc5ee4b7abcd,5,1270.15
918f71d2-34a1-4c10-871a-303c6f52ce54,dab4ae0b-618d-429b-a4f9-8d23f370051e,a684be17-8b0e-4f62-9048-75edee52b09c,5,4361.05
16d2d783-446d-454e-a745-b2541e10b3c6,dab4ae0b-618d-429b-a4f9-8d23f370051e,8f67b686-c7da-4758-8b1c-0808d0a38dbe,2,2417.58
33b9d1a3-273d-4a57-afd2-52bd1aa0a285,0006ce3f-932c-4095-addc-b72e74e8d9c1,f9b39dcb-a088-493b-8064-b46a2605c3e3,4,1728.96
293760ab-2d74-44f4-aeb7-59f3b0dab494,38e85fe2-ceed-4eb4-814d-bb89079d79d1,270845ca-fa92-4071-8c9c-b6f842a496be,3,4906.01
cc8d9796-639f-446f-bf25-32c091a166c2,1925c35e-4b48-4a52-a728-85ac21c935b8,1233b869-bc27-4cf2-b5c6-2dcb724f1f25,4,1244.46
b4871adb-e36f-4d9a-9b31-2b6b28e6b18a,1925c35e-4b48-4a52-a728-85ac21c935b8,10106dca-f4f7-4122-a36b-cbe4320cbf42,1,313.87
cdb77eeb-b169-4f5d-83ae-176276105daa,1925c35e-4b48-4a52-a728-85ac21c935b8,9c713008-52f4-4d91-a4b8-692297273f5c,1,3982.73
a3e03ca6-75fc-459e-96bd-5c7890eb7a19,e6eb430d-91d4-4afa-befa-8d2a59190bf9,efbdd068-3525-46f3-afc9-155b4fb40b5f,1,1991.79
753aec85-1da0-4e78-b238-8e32dd8592ea,e6eb430d-91d4-4afa-befa-8d2a59190bf9,ec3a70da-7e10-4f1e-a000-5d3cb06692c2,1,2561.23
c9668a1d-543f-40f1-a7d5-7c186ca61dbd,affc8d22-783a-423f-ac69-5432a18107ef,1233b869-bc27-4cf2-b5c6-2dcb724f1f25,2,1244.46
33877451-c30d-47bd-aec5-d9d3f4f98e1c,b710ada1-5470-42d6-97e4-dd6bfde8c3b7,efbdd068-3525-46f3-afc9-155b4fb40b5f,4,1991.79
ab4a19a2-d66b-49c1-a3d2-fdd530ef8069,bda9f428-4cd8-41a0-b77c-6da294192bad,5113d2fe-7936-4f37-90bd-70573e15c072,2,1726.77
53e48bf6-bd24-460b-a575-bf670899e70f,a4a48685-9539-4908-aaad-58e4d257211c,f9b39dcb-a088-493b-8064-b46a2605c3e3,3,1728.96
2dfe84c6-51a2-45b3-85e1-2f067ad95ea1,a4a48685-9539-4908-aaad-58e4d257211c,7c79d25b-61d2-4adc-9ad2-f2f0de3de31e,3,2739.04
218d68d7-a0bd-487e-8e6d-2536bef97f7c,9a3bab39-b3ec-4ad5-a502-024c170986be,a684be17-8b0e-4f62-9048-75edee52b09c,2,4361.05
20b08b48-3aba-4497-a0a1-4447ab857a09,9a3bab39-b3ec-4ad5-a502-024c170986be,1233b869-bc27-4cf2-b5c6-2dcb724f1f25,1,1244.46
02354755-976e-4b4c-9aca-aee066e73b88,9a3bab39-b3ec-4ad5-a502-024c170986be,270845ca-fa92-4071-8c9c-b6f842a496be,1,4906.01
99b4242e-0918-456e-a6f2-9f931cbdf6d6,588e17de-f254-422b-947c-024232d18ed0,9c713008-52f4-4d91-a4b8-692297273f5c,4,3982.73
f3094643-1040-423e-b5c6-616ca6578519,588e17de-f254-422b-947c-024232d18ed0,08d99a45-863b-464f-a4be-92e824ba1a9f,1,4339.78
7ab21b5f-63c0-4162-8d13-fa42ad1006ee,588e17de-f254-422b-947c-024232d18ed0,270845ca-fa92-4071-8c9c-b6f842a496be,3,4906.01
b49a291e-3d02-4824-8c34-b2defc668721,1543519b-3ae2-45c0-a9b8-f06942b077e3,7c79d25b-61d2-4adc-9ad2-f2f0de3de31e,1,2739.04
ea0593a2-fbdb-4227-8658-7d0d7864dd32,1543519b-3ae2-45c0-a9b8-f06942b077e3,7c79d25b-61d2-4adc-9ad2-f2f0de3de31e,3,2739.04
d8352cc4-0c93-4a53-a3aa-482109f70b7d,630a50d4-6477-4fec-950c-5cf517081c0c,efbdd068-3525-46f3-afc9-155b4fb40b5f,1,1991.79
d81cc3a9-1603-4099-9949-cf82e38d965c,630a50d4-6477-4fec-950c-5cf517081c0c,efbdd068-3525-46f3-afc9-155b4fb40b5f,2,1991.79
9e0a46b8-1dac-4875-9929-d28d33d485ac,630a50d4-6477-4fec-950c-5cf517081c0c,10106dca-f4f7-4122-a36b-cbe4320cbf42,3,313.87
983ba89b-4f8f-4240-b713-f2099e2a49e1,e443fb22-9f17-4d56-b890-ffbc9920f1a7,10106dca-f4f7-4122-a36b-cbe4320cbf42,2,313.87
e22b92ea-a563-4e0a-9c5d-54ffd68c6547,e443fb22-9f17-4d56-b890-ffbc9920f1a7,7c79d25b-61d2-4adc-9ad2-f2f0de3de31e,1,2739.04
e4f49434-241d-4a21-b3ab-76571a188933,e443fb22-9f17-4d56-b890-ffbc9920f1a7,f9b39dcb-a088-493b-8064-b46a2605c3e3,1,1728.96
1bdb7be0-6c2b-45f9-95d2-568fdbf15420,fc359b0e-994b-4dea-812c-d6bf09fe75be,7c79d25b-61d2-4adc-9ad2-f2f0de3de31e,2,2739.04
b042007a-10ac-4f94-9776-98db42c642d8,fc359b0e-994b-4dea-812c-d6bf09fe75be,8f67b686-c7da-4758-8b1c-0808d0a38dbe,5,2417.58
f3c48b2d-31b0-4d0d-a508-32241c677dd1,fc359b0e-994b-4dea-812c-d6bf09fe75be,efbdd068-3525-46f3-afc9-155b4fb40b5f,5,1991.79
8a02c768-c70f-4a8c-9661-ea0bd3139c1b,e842fcb9-c523-490b-8031-77ebb54ecf3f,8f67b686-c7da-4758-8b1c-0808d0a38dbe,2,2417.58
505c3865-5f0c-4c3c-8e7a-dabd4c574153,e842fcb9-c523-490b-8031-77ebb54ecf3f,270845ca-fa92-4071-8c9c-b6f842a496be,4,4906.01
2643b1eb-877e-4044-a800-526aa0de313d,e842fcb9-c523-490b-8031-77ebb54ecf3f,a684be17-8b0e-4f62-9048-75edee52b09c,1,4361.05
9145552f-d9de-42a7-be6b-000207bdfb95,4c8ace89-3601-4948-b007-a6f153e8b59f,8f67b686-c7da-4758-8b1c-0808d0a38dbe,1,2417.58
515a96cc-514a-46be-93d2-60e380d9205e,4cb9ca29-e287-4cea-be71-029c28aca3c3,9c713008-52f4-4d91-a4b8-692297273f5c,2,3982.73
b6608ef7-bbb3-473e-9c3d-1fbbacacb36b,4cb9ca29-e287-4cea-be71-029c28aca3c3,9babb22c-e856-499f-ac43-94ed6ba62a37,4,4827.64
20f7c245-6bf9-426b-a9a1-2ca6dd68e6b1,4cb9ca29-e287-4cea-be71-029c28aca3c3,9babb22c-e856-499f-ac43-94ed6ba62a37,1,4827.64
57f59d63-de4a-48b0-8d83-f7e754e42c2b,6749beda-d5dc-43f6-85c1-41f5d6c89ec0,9babb22c-e856-499f-ac43-94ed6ba62a37,4,4827.64
9e670e4c-be7a-42b4-b286-26cde659bd6c,b1cef87b-7030-4852-80b1-fbecd25832b3,7c79d25b-61d2-4adc-9ad2-f2f0de3de31e,5,2739.04
e39ae3fd-7be3-4f6d-9808-070be6393bdd,b1cef87b-7030-4852-80b1-fbecd25832b3,8f67b686-c7da-4758-8b1c-0808d0a38dbe,5,2417.58
1897d301-42a3-4e6d-8126-f2f5fea0f213,354eec68-c767-4f0c-971c-a578f59bede5,8f67b686-c7da-4758-8b1c-0808d0a38dbe,3,2417.58
dd7ed608-756c-4ef8-b12c-ffe38fb9cf0a,64bcc137-5321-4f52-805c-2f65a4758cf9,270845ca-fa92-4071-8c9c-b6f842a496be,2,4906.01
53653db5-a18f-4715-8ddc-1a1f9880f1ec,64bcc137-5321-4f52-805c-2f65a4758cf9,08d99a45-863b-464f-a4be-92e824ba1a9f,2,4339.78
14935d9b-c02a-41d5-9c34-1e55f29826bd,e40b0dc6-b101-40d9-a314-b1fc362485ba,9c713008-52f4-4d91-a4b8-692297273f5c,2,3982.73
ed8a5f60-dc44-48e7-b8a4-3ef58c3d1a44,e40b0dc6-b101-40d9-a314-b1fc362485ba,7c79d25b-61d2-4adc-9ad2-f2f0de3de31e,1,2739.04
03c44857-e4d4-4ecf-bb11-96ba75da4c24,a1aa39b5-56c3-4691-a899-2b5fc333c695,9babb22c-e856-499f-ac43-94ed6ba62a37,3,4827.64
f09e970a-206d-44fd-a49d-dc464db02040,a1aa39b5-56c3-4691-a899-2b5fc333c695,f9b39dcb-a088-493b-8064-b46a2605c3e3,3,1728.96
38141615-2dd6-46b0-8c73-5e11cb4da03d,a1aa39b5-56c3-4691-a899-2b5fc333c695,f9b39dcb-a088-493b-8064-b46a2605c3e3,3,1728.96
ddd8578d-9a9c-4437-a6be-ee34e8633f87,04b23231-9979-42c1-8f95-f0919b1f0601,a684be17-8b0e-4f62-9048-75edee52b09c,5,4361.05
a1e505ed-16a0-4a44-8043-af0b6e4323b0,149ad736-7500-49a2-b794-23b9f0b50eb0,f9b39dcb-a088-493b-8064-b46a2605c3e3,3,1728.96
7703fbc8-ac47-434c-bb68-c64b78680ea5,149ad736-7500-49a2-b794-23b9f0b50eb0,f9b39dcb-a088-493b-8064-b46a2605c3e3,3,1728.96
318f0803-61a8-4adb-994d-1425f4e937f1,149ad736-7500-49a2-b794-23b9f0b50eb0,9babb22c-e856-499f-ac43-94ed6ba62a37,1,4827.64
1491e6e5-f735-462c-a490-e41ec15951ae,aa2f9e79-b5f3-4436-bc07-8d229aef1311,08d99a45-863b-464f-a4be-92e824ba1a9f,4,4339.78
920fce7b-db0e-4d4b-9e13-daaf448f96fe,58fd00f7-00c5-4826-a339-3a50e9ff12b9,9c713008-52f4-4d91-a4b8-692297273f5c,4,3982.73
6e6d5476-73ba-4a67-ae88-0ffb609c34ec,58fd00f7-00c5-4826-a339-3a50e9ff12b9,a7c9d8bb-b1c0-4cab-9bc7-7773e008d8fd,3,1948.33
491077da-79ab-416f-95ea-a86d2f4721cc,58fd00f7-00c5-4826-a339-3a50e9ff12b9,a7c9d8bb-b1c0-4cab-9bc7-7773e008d8fd,4,1948.33
415fb96f-1d0d-45c3-9126-1506d869062b,9a4bd35c-62c9-49c1-bb5d-9201188fa431,5113d2fe-7936-4f37-90bd-70573e15c072,1,1726.77
335cac0a-e8fa-4f56-80ec-cea75fd32a13,9a4bd35c-62c9-49c1-bb5d-9201188fa431,f9b39dcb-a088-493b-8064-b46a2605c3e3,2,1728.96
76e53edc-81b1-46f6-8db9-c03816f4e0ec,9a4bd35c-62c9-49c1-bb5d-9201188fa431,9babb22c-e856-499f-ac43-94ed6ba62a37,5,4827.64
23ff3ab1-5c17-4ea2-94a3-bcfeae6d5701,44fad280-e2d8-491b-b61c-c54dc4d8e8b1,7c79d25b-61d2-4adc-9ad2-f2f0de3de31e,5,2739.04
24590315-f5e4-4582-a57d-004113f8c3d7,44fad280-e2d8-491b-b61c-c54dc4d8e8b1,10106dca-f4f7-4122-a36b-cbe4320cbf42,1,313.87
5bb410c8-990b-43ae-84c2-a9111a4e0577,3791c924-7acc-48a3-b0ae-8fa196062b49,250d24fd-1292-495a-8bc0-dc5ee4b7abcd,5,1270.15
a028bf20-0144-4416-80fa-25001c7b2458,3791c924-7acc-48a3-b0ae-8fa196062b49,10106dca-f4f7-4122-a36b-cbe4320cbf42,2,313.87
4ca17077-17d0-4460-ba12-4dacdd032b7a,823a3ca8-5a27-41eb-a9f0-b4abe0f448a9,250d24fd-1292-495a-8bc0-dc5ee4b7abcd,1,1270.15
c9cf80e5-f99b-4f97-ad43-66bf4a8b46d2,823a3ca8-5a27-41eb-a9f0-b4abe0f448a9,250d24fd-1292-495a-8bc0-dc5ee4b7abcd,1,1270.15
9ec7f681-70ec-4b1c-8dd7-00332c3fa150,823a3ca8-5a27-41eb-a9f0-b4abe0f448a9,9babb22c-e856-499f-ac43-94ed6ba62a37,4,4827.64
00bcdc27-e363-4ef2-bd60-75921d24ca98,9e848b1f-dbfa-4893-a1cc-2bcaf337d64a,270845ca-fa92-4071-8c9c-b6f842a496be,3,4906.01
4c7f3ae4-9ea3-4feb-820f-0191a3abf3a3,f4b286af-9ef3-459f-a591-c46c11107b1e,5113d2fe-7936-4f37-90bd-70573e15c072,3,1726.77
f271d722-ccee-4385-bcb2-3220df6bb531,f4b286af-9ef3-459f-a591-c46c11107b1e,10106dca-f4f7-4122-a36b-cbe4320cbf42,1,313.87
3cc8296b-87b4-47b3-8001-7fc52dd465da,f4b286af-9ef3-459f-a591-c46c11107b1e,efbdd068-3525-46f3-afc9-155b4fb40b5f,1,1991.79
d2784695-faf5-4ff1-b8c2-72c6080ea8e3,0aebfd0f-56cf-4d42-9374-692d6d5e7040,1233b869-bc27-4cf2-b5c6-2dcb724f1f25,2,1244.46
55579638-636f-4ac3-a916-87157879d902,81dcbed9-a3e1-40a9-801c-487feb454518,10106dca-f4f7-4122-a36b-cbe4320cbf42,3,313.87
62b93916-6e18-4558-a391-15ba7cb3d545,81dcbed9-a3e1-40a9-801c-487feb454518,a7c9d8bb-b1c0-4cab-9bc7-7773e008d8fd,1,1948.33
523feb80-7c46-4847-a594-5e0707cc3385,ef631dc9-56b4-41c0-b76f-3751f9301004,f9b39dcb-a088-493b-8064-b46a2605c3e3,4,1728.96
1cdfd8eb-fbe2-49f7-94c9-9b9451fed48c,c828f130-32e4-46b6-861d-3b92cda59e6a,10106dca-f4f7-4122-a36b-cbe4320cbf42,3,313.87
7dde314f-0ea8-4656-8a2b-05e1a957e0ad,c828f130-32e4-46b6-861d-3b92cda59e6a,ec3a70da-7e10-4f1e-a000-5d3cb06692c2,1,2561.23
55c7cf4b-7671-4a1b-9365-d948246876d2,a560f5ea-bd78-46cd-9648-f779403bfffd,ec3a70da-7e10-4f1e-a000-5d3cb06692c2,3,2561.23
80d0ac67-7ba8-4de2-9403-ec680ad11675,2dd054bc-428e-41b9-98df-b5d6f50a64c9,9c713008-52f4-4d91-a4b8-692297273f5c,3,3982.73
4c3a804f-01f3-4603-b53b-e9b62f105f44,2d278840-8c36-45f0-97e9-7f0d6dcffead,a7c9d8bb-b1c0-4cab-9bc7-7773e008d8fd,1,1948.33
62086bfc-0484-4fc0-9b10-6422dc8aae42,2d278840-8c36-45f0-97e9-7f0d6dcffead,10106dca-f4f7-4122-a36b-cbe4320cbf42,1,313.87
c2e31742-7165-4429-bf8c-612f0b2d4d38,2d278840-8c36-45f0-97e9-7f0d6dcffead,9babb22c-e856-499f-ac43-94ed6ba62a37,2,4827.64
d4e4a2ed-2aa9-466e-8dde-a31107486142,9169000f-7b29-4761-bc79-8ac84fff79cd,ec3a70da-7e10-4f1e-a000-5d3cb06692c2,4,2561.23
1dd66d59-fba1-4179-9c6c-f1d1f3c15f19,1bcf2d8a-837a-48d9-bc52-a55b80393876,5113d2fe-7936-4f37-90bd-70573e15c072,1,1726.77
e90cf1f7-0dce-43bf-862f-c83a26d67f32,1bcf2d8a-837a-48d9-bc52-a55b80393876,08d99a45-863b-464f-a4be-92e824ba1a9f,1,4339.78
6de5269d-69c2-46c6-891a-f83718d8f9fb,dd5ca1f9-1ea1-4c69-8149-1895f88d5c5f,08d99a45-863b-464f-a4be-92e824ba1a9f,4,4339.78
1fe1e694-43fa-448a-a1c0-8c16776ef6bf,a664fdc8-c47f-42ef-96b9-43a39a6ec1d1,1233b869-bc27-4cf2-b5c6-2dcb724f1f25,4,1244.46
0671f7eb-8622-45dd-a588-e4fcc9242eb3,d1ca620d-df80-48f0-87fb-63ac3b1f5128,5113d2fe-7936-4f37-90bd-70573e15c072,2,1726.77
5de5c60e-09d5-4ba2-a83a-1ea2e5af5d5c,d1ca620d-df80-48f0-87fb-63ac3b1f5128,08d99a45-863b-464f-a4be-92e824ba1a9f,5,4339.78
96ce78a9-1b98-4c24-a96f-4980f7a031e8,78fb3b1d-c3e2-489b-9455-dd9923c8fcc2,7c79d25b-61d2-4adc-9ad2-f2f0de3de31e,3,2739.04
b94b6164-3c6b-49da-9472-8353cce462db,ddba744c-b1ee-4c76-9726-aaf48c64d9a5,9babb22c-e856-499f-ac43-94ed6ba62a37,1,4827.64
7be0c5cb-4229-49c4-a772-fe5e600fe334,ddba744c-b1ee-4c76-9726-aaf48c64d9a5,1233b869-bc27-4cf2-b5c6-2dcb724f1f25,3,1244.46
98c6b69b-ed3b-4afa-bfe1-b86bf58ebb56,ddba744c-b1ee-4c76-9726-aaf48c64d9a5,10106dca-f4f7-4122-a36b-cbe4320cbf42,5,313.87
2665b017-978d-48fd-951a-24b4422fedc7,3cad7eb4-a4b7-490f-b19b-1af529e46e69,08d99a45-863b-464f-a4be-92e824ba1a9f,3,4339.78
0804c623-1736-47b1-8858-71dedaf12497,cd397ec7-aa26-4458-a830-fcf17533e6c9,8f67b686-c7da-4758-8b1c-0808d0a38dbe,3,2417.58
4ca6da6a-080b-4d61-b767-12c6d2abc7a6,cd397ec7-aa26-4458-a830-fcf17533e6c9,9babb22c-e856-499f-ac43-94ed6ba62a37,5,4827.64
e63387b7-2f92-48dd-a2e0-49db88a86c22,b1f7fd2e-395c-488c-92e4-404f63275954,ec3a70da-7e10-4f1e-a000-5d3cb06692c2,1,2561.23
05b5ddf6-6862-4304-b72b-76320e66d810,b1f7fd2e-395c-488c-92e4-404f63275954,9babb22c-e856-499f-ac43-94ed6ba62a37,2,4827.64
6b221a73-a56e-44d6-a9ff-73d739c081af,b1f7fd2e-395c-488c-92e4-404f63275954,efbdd068-3525-46f3-afc9-155b4fb40b5f,4,1991.79
1806f913-d0c4-4ab0-af81-c323b69e3480,9ac3601e-203c-4f9f-a5c7-8b3ad7437e36,270845ca-fa92-4071-8c9c-b6f842a496be,3,4906.01
cd98d459-1769-459b-8aa7-9853ff2319ba,d4d16b10-c6e7-43b4-afe9-2872df2f2eba,f9b39dcb-a088-493b-8064-b46a2605c3e3,4,1728.96
b675d4c4-9066-4cc1-80c2-f9d8c7030f60,d4d16b10-c6e7-43b4-afe9-2872df2f2eba,08d99a45-863b-464f-a4be-92e824ba1a9f,1,4339.78
f4d3244e-4661-42e4-84c3-0fb7efdf4f5c,64bf5a6f-f226-497a-9301-6e0ba78b6fa3,250d24fd-1292-495a-8bc0-dc5ee4b7abcd,5,1270.15
7dafe93e-6e84-4e53-8aeb-a0eacab74290,1c201a23-25ad-40ca-b6d2-6536faa73558,f9b39dcb-a088-493b-8064-b46a2605c3e3,5,1728.96
9d77553e-825b-4b9c-aa18-30c82ff95c04,383d64bc-b488-47ab-94f2-559859d96d48,270845ca-fa92-4071-8c9c-b6f842a496be,4,4906.01
92fc09cd-2713-40c4-acd0-ab60d26e00b0,383d64bc-b488-47ab-94f2-559859d96d48,efbdd068-3525-46f3-afc9-155b4fb40b5f,1,1991.79
92d0eebf-c97a-4ac9-b358-8b1fec459eb8,07757d1a-926c-4f52-98c6-18e355d854fd,f9b39dcb-a088-493b-8064-b46a2605c3e3,5,1728.96
61e283b5-fa5f-41f1-b543-ee4f4281f406,07757d1a-926c-4f52-98c6-18e355d854fd,270845ca-fa92-4071-8c9c-b6f842a496be,5,4906.01
a533b481-c24e-4a0a-a0c6-685bc40ae5b7,b66b8f5a-c352-4c59-8ad9-35b90502198b,270845ca-fa92-4071-8c9c-b6f842a496be,3,4906.01
3ccda59c-0b47-4a8d-912b-ef8381bac998,b66b8f5a-c352-4c59-8ad9-35b90502198b,f9b39dcb-a088-493b-8064-b46a2605c3e3,2,1728.96
db947280-148b-4fef-95fe-dd72e1cdb879,b66b8f5a-c352-4c59-8ad9-35b90502198b,270845ca-fa92-4071-8c9c-b6f842a496be,1,4906.01
0fb0dc50-f37f-4e17-986a-5e2f73f2739c,c2499585-c36f-4cda-b030-55e251a13f02,efbdd068-3525-46f3-afc9-155b4fb40b5f,1,1991.79
72b28906-4e1b-42ac-9f99-967c9318d942,c2499585-c36f-4cda-b030-55e251a13f02,5113d2fe-7936-4f37-90bd-70573e15c072,4,1726.77
c33e8733-782b-4331-bfb6-828570df3707,c2499585-c36f-4cda-b030-55e251a13f02,f9b39dcb-a088-493b-8064-b46a2605c3e3,3,1728.96
5033d67c-7200-40b9-99fb-dd54488e8a71,f9a54f5d-709d-4dc1-b6db-d42022c75d58,9c713008-52f4-4d91-a4b8-692297273f5c,3,3982.73
3974e067-6ec0-4611-a9d6-33d4102a10f2,f9a54f5d-709d-4dc1-b6db-d42022c75d58,10106dca-f4f7-4122-a36b-cbe4320cbf42,1,313.87
893f5324-1688-423a-921e-d4147fb16f35,f9a54f5d-709d-4dc1-b6db-d42022c75d58,a684be17-8b0e-4f62-9048-75edee52b09c,2,4361.05
84014323-542b-4adc-ae21-05079c8e9e27,1e43b2d4-5043-4dae-8660-bc9dcd8089d8,1233b869-bc27-4cf2-b5c6-2dcb724f1f25,4,1244.46
8feb7502-5c23-4a60-a335-86ed2b22beb7,e9d421da-4a5a-4c37-878e-4505b4469e4c,7c79d25b-61d2-4adc-9ad2-f2f0de3de31e,4,2739.04
d0953f12-7d72-49bf-bd1a-ca84b03d8017,e9d421da-4a5a-4c37-878e-4505b4469e4c,9babb22c-e856-499f-ac43-94ed6ba62a37,5,4827.64
a2155df4-cb78-4505-8d53-815a99989c07,80db36a7-9e80-4104-acc5-9764b725ec09,250d24fd-1292-495a-8bc0-dc5ee4b7abcd,3,1270.15
a1eb082c-15b6-44a4-9db0-b85f31c23022,b858d7dd-65a8-4f43-ac55-5f8ecb17508f,7c79d25b-61d2-4adc-9ad2-f2f0de3de31e,5,2739.04
45e51fc1-d6c5-473d-9537-9ba3018adba9,b858d7dd-65a8-4f43-ac55-5f8ecb17508f,5113d2fe-7936-4f37-90bd-70573e15c072,1,1726.77
f49ae8e1-ee4b-424f-8541-0fdfb187368c,b858d7dd-65a8-4f43-ac55-5f8ecb17508f,250d24fd-1292-495a-8bc0-dc5ee4b7abcd,5,1270.15
96e09c66-cf37-4e11-ad2d-bdebce59a75a,102b4eac-2193-4703-a1c1-17b9480e5e37,08d99a45-863b-464f-a4be-92e824ba1a9f,1,4339.78
1b633a4b-f7d1-4571-a96c-b70c254a2b54,64eebab5-dac4-4af0-bdcd-07e2ff352870,a684be17-8b0e-4f62-9048-75edee52b09c,3,4361.05
6efd7540-bfd8-4a28-add9-b028aa50e4e4,64eebab5-dac4-4af0-bdcd-07e2ff352870,a7c9d8bb-b1c0-4cab-9bc7-7773e008d8fd,1,1948.33
87982191-88b3-489b-9916-1e3a4e398b7f,64eebab5-dac4-4af0-bdcd-07e2ff352870,08d99a45-863b-464f-a4be-92e824ba1a9f,4,4339.78
c788765a-0ac3-4cc1-880a-23e9e87e4a41,2449145d-d52b-4d80-9400-0d7c371cea0f,9c713008-52f4-4d91-a4b8-692297273f5c,5,3982.73
b6f675ba-79bf-47eb-a04e-bfb9e40f5953,2449145d-d52b-4d80-9400-0d7c371cea0f,10106dca-f4f7-4122-a36b-cbe4320cbf42,2,313.87
25e5b342-817a-4438-92e9-dff770a778e3,2449145d-d52b-4d80-9400-0d7c371cea0f,7c79d25b-61d2-4adc-9ad2-f2f0de3de31e,1,2739.04
37c50422-7de0-4729-8de3-bec4e978e7f7,24c3dcf5-8acc-43fe-adb1-0a13fb4b40a6,9babb22c-e856-499f-ac43-94ed6ba62a37,4,4827.64
1d993ba4-2dc3-4983-aefb-94b19836c6ea,24c3dcf5-8acc-43fe-adb1-0a13fb4b40a6,10106dca-f4f7-4122-a36b-cbe4320cbf42,4,313.87
2ddab401-68d5-438c-9904-58e4d6e0e3d2,a445ee5e-783f-4861-8a88-40b2591f6751,f9b39dcb-a088-493b-8064-b46a2605c3e3,4,1728.96
bd989518-0a0f-4a4b-9899-095b837a96fb,a445ee5e-783f-4861-8a88-40b2591f6751,08d99a45-863b-464f-a4be-92e824ba1a9f,3,4339.78
fcd093df-957e-4bd0-ad57-1a5f4ce0ec1d,0cc3335b-9014-493b-9ffe-a0c41cc5ec5c,9babb22c-e856-499f-ac43-94ed6ba62a37,1,4827.64
eff92e39-4ef8-4637-aaaf-b95f9694fab7,80294093-0cf3-4733-8ec3-badd89c7f132,8f67b686-c7da-4758-8b1c-0808d0a38dbe,1,2417.58
1292924d-f0d7-4036-b00a-7c00bce851e0,8282e890-337f-4934-8842-5ff3632d8943,a684be17-8b0e-4f62-9048-75edee52b09c,1,4361.05
9aa0d527-6528-4ea4-9d65-f6e91924ded5,8282e890-337f-4934-8842-5ff3632d8943,1233b869-bc27-4cf2-b5c6-2dcb724f1f25,1,1244.46
9f46d1c1-eb85-49ef-ba2d-7d3ffb331da2,5f0c7066-f131-409f-90d7-f6a764ddbddf,9babb22c-e856-499f-ac43-94ed6ba62a37,2,4827.64
37daf959-fd1a-47e2-ad15-a769d22f0763,599737af-bffd-4c69-9e1a-b2ac6648eb2c,f9b39dcb-a088-493b-8064-b46a2605c3e3,5,1728.96
54e6fb54-9e3b-4a56-9a50-1305e61ae6ec,599737af-bffd-4c69-9e1a-b2ac6648eb2c,a684be17-8b0e-4f62-9048-75edee52b09c,3,4361.05
23fdae32-fc7a-438c-b681-cd9f73a1cb14,599737af-bffd-4c69-9e1a-b2ac6648eb2c,5113d2fe-7936-4f37-90bd-70573e15c072,1,1726.77
130060f5-c8f6-49c4-af8d-38ba539e6976,3510a556-bad2-4c1e-a4a3-99e69402180f,10106dca-f4f7-4122-a36b-cbe4320cbf42,1,313.87
34b968d7-275d-4700-a67c-0a49969aafdd,3510a556-bad2-4c1e-a4a3-99e69402180f,9babb22c-e856-499f-ac43-94ed6ba62a37,5,4827.64
8182c502-77ce-43e1-8cea-cd7fe64a1ec0,3510a556-bad2-4c1e-a4a3-99e69402180f,efbdd068-3525-46f3-afc9-155b4fb40b5f,5,1991.79
af30f7e7-d3e0-411d-9623-0f411af3ba5b,f744af9e-0eaf-435a-824e-d7a1cdfb3e7d,5113d2fe-7936-4f37-90bd-70573e15c072,1,1726.77
9fe2c7bb-4cfe-48c9-aa80-65648b9c4918,a5e70c51-5dcb-4b13-9b0b-9ea0cffc0410,1233b869-bc27-4cf2-b5c6-2dcb724f1f25,4,1244.46
0b49fa25-a5f1-492d-b18d-707b0c6b6b27,a5e70c51-5dcb-4b13-9b0b-9ea0cffc0410,efbdd068-3525-46f3-afc9-155b4fb40b5f,5,1991.79
cde71bb7-85e8-4825-947a-d847eb66fcee,837d717b-34eb-41ee-8618-4590c0801998,270845ca-fa92-4071-8c9c-b6f842a496be,4,4906.01
64efc44f-9065-4aee-914a-9a3385476166,837d717b-34eb-41ee-8618-4590c0801998,08d99a45-863b-464f-a4be-92e824ba1a9f,4,4339.78
631d7a0c-76dc-4f03-93b4-30709cd64a88,837d717b-34eb-41ee-8618-4590c0801998,5113d2fe-7936-4f37-90bd-70573e15c072,3,1726.77
147a4737-97be-484e-80b5-3e5c96a5616a,dcf0be24-1a97-43c8-aafb-0b79b178191e,250d24fd-1292-495a-8bc0-dc5ee4b7abcd,3,1270.15
ddd95ba7-018d-4630-a94e-67771f5a4c61,3680c507-5cd0-4f2f-afe7-b4da28eab8c0,270845ca-fa92-4071-8c9c-b6f842a496be,4,4906.01
815835ae-7da6-4a34-9d0e-a65baba4aad4,3680c507-5cd0-4f2f-afe7-b4da28eab8c0,9babb22c-e856-499f-ac43-94ed6ba62a37,3,4827.64
c73efae3-6caa-4cff-a99e-a7be630d5806,a26e79f5-8270-492d-be89-0b6d49233fad,5113d2fe-7936-4f37-90bd-70573e15c072,4,1726.77
89a18df1-41c0-4971-9ea9-ee1385bad7c4,8c998c5d-afa5-4d46-ad22-bbf9674e9d9b,a684be17-8b0e-4f62-9048-75edee52b09c,5,4361.05
91260cf0-6337-4501-82e6-10ef8293d3d9,ecbdd74f-19c4-4278-bb2a-fbd211e6420f,5113d2fe-7936-4f37-90bd-70573e15c072,2,1726.77
9314fa67-9b52-4c2f-bf80-bba8d341fa76,56f8b378-557b-4390-affe-f2f153e524b6,250d24fd-1292-495a-8bc0-dc5ee4b7abcd,4,1270.15
636b8a36-d26d-44a6-bdb2-e5627e529bb0,56f8b378-557b-4390-affe-f2f153e524b6,8f67b686-c7da-4758-8b1c-0808d0a38dbe,4,2417.58
5a9c93b8-021b-40a2-a5f5-90e55b6d40ec,884fb297-84b0-404d-bd1a-d1520e8d6deb,f9b39dcb-a088-493b-8064-b46a2605c3e3,4,1728.96
59f6f143-7733-43ff-bba7-60ed47af8ac3,884fb297-84b0-404d-bd1a-d1520e8d6deb,efbdd068-3525-46f3-afc9-155b4fb40b5f,5,1991.79
b116fc6c-a19b-4de1-a5e6-10b51ccad4dc,b6c42703-c359-42d3-9203-06ab9d73d972,1233b869-bc27-4cf2-b5c6-2dcb724f1f25,1,1244.46
5818a745-b393-4d6f-86ec-d2261982fc41,2c95c6c6-d0ee-4097-97fd-99f68c5bebf3,a7c9d8bb-b1c0-4cab-9bc7-7773e008d8fd,3,1948.33
e596d3b1-85bc-4ed6-a657-5c72862e7cab,2c95c6c6-d0ee-4097-97fd-99f68c5bebf3,9c713008-52f4-4d91-a4b8-692297273f5c,4,3982.73
3cd61216-4ec8-4d96-8df4-7773abe4c262,2c95c6c6-d0ee-4097-97fd-99f68c5bebf3,8f67b686-c7da-4758-8b1c-0808d0a38dbe,1,2417.58
d4e0015f-49a6-42e6-a067-87e4820dcaa1,e493e870-d5cb-47a3-83c6-0916c7ea791b,a7c9d8bb-b1c0-4cab-9bc7-7773e008d8fd,3,1948.33
af86dd94-35f5-4636-8457-c0d83cf6f387,9b8a8024-eda4-414d-b16a-c7b844783d16,10106dca-f4f7-4122-a36b-cbe4320cbf42,3,313.87
3c727195-5648-4347-95f3-a007f48217da,9b8a8024-eda4-414d-b16a-c7b844783d16,a7c9d8bb-b1c0-4cab-9bc7-7773e008d8fd,4,1948.33
c2d14682-2afc-4e90-aac1-ca695788e7b1,e4cc2fd5-783e-4e77-9d56-9f3635968eb4,8f67b686-c7da-4758-8b1c-0808d0a38dbe,3,2417.58
278caf37-9493-4d9b-a289-e7ccfcb29d20,0f7ba2b3-8dc4-4fb8-83bc-5fe41df6d89c,250d24fd-1292-495a-8bc0-dc5ee4b7abcd,3,1270.15
f60df5f7-7eac-468b-994e-4d2c10894ece,0f7ba2b3-8dc4-4fb8-83bc-5fe41df6d89c,a684be17-8b0e-4f62-9048-75edee52b09c,3,4361.05
6d7a24e3-488d-43f8-a7c8-3ea24bf4d8e6,0f7ba2b3-8dc4-4fb8-83bc-5fe41df6d89c,a7c9d8bb-b1c0-4cab-9bc7-7773e008d8fd,2,1948.33
965317ae-5caf-4ff8-9bb9-4447bf13bb19,e9f46cd7-8193-4af2-b635-c804bdf4c2ad,250d24fd-1292-495a-8bc0-dc5ee4b7abcd,2,1270.15
3174f168-2298-45da-98b6-17b62bd797f9,e9f46cd7-8193-4af2-b635-c804bdf4c2ad,270845ca-fa92-4071-8c9c-b6f842a496be,1,4906.01
eba4b860-ed72-4205-b71c-199b738212cb,e9f46cd7-8193-4af2-b635-c804bdf4c2ad,9c713008-52f4-4d91-a4b8-692297273f5c,4,3982.73
4d0db45f-af08-431e-8bc6-85b673e128a0,38e3a7db-8ff2-4aa1-a05b-fd6b054fc436,efbdd068-3525-46f3-afc9-155b4fb40b5f,2,1991.79
0ea29722-abc1-440f-94d0-0b6fa7c92f20,38e3a7db-8ff2-4aa1-a05b-fd6b054fc436,250d24fd-1292-495a-8bc0-dc5ee4b7abcd,2,1270.15
dc7c8f2b-3dd6-4a9f-bd65-6413dcbbae36,38e3a7db-8ff2-4aa1-a05b-fd6b054fc436,9c713008-52f4-4d91-a4b8-692297273f5c,5,3982.73
9afbc19d-95b8-47e4-b595-f46efa131c6e,e6704f2f-4aa8-4742-a50d-254a61e57bce,7c79d25b-61d2-4adc-9ad2-f2f0de3de31e,4,2739.04
f0f8110e-ba73-4dcb-b287-7ddcea38da67,e6704f2f-4aa8-4742-a50d-254a61e57bce,f9b39dcb-a088-493b-8064-b46a2605c3e3,3,1728.96
149cdb66-d8f2-43dd-834e-5e2211c7ca66,fbbcd26f-930f-45ca-9e2f-fffbb6dd4eda,a7c9d8bb-b1c0-4cab-9bc7-7773e008d8fd,3,1948.33
a83bcfce-6e5d-4366-a300-3d2a837e0b2f,fbbcd26f-930f-45ca-9e2f-fffbb6dd4eda,1233b869-bc27-4cf2-b5c6-2dcb724f1f25,3,1244.46
56afc403-e571-43bc-b17d-c87690ef9958,cdd59db4-6dda-4cf2-ad4d-a5018227dc00,efbdd068-3525-46f3-afc9-155b4fb40b5f,5,1991.79
ecd1936a-520d-483f-8716-9133dc6f7d38,cdd59db4-6dda-4cf2-ad4d-a5018227dc00,efbdd068-3525-46f3-afc9-155b4fb40b5f,1,1991.79
10db14c8-c2ce-4ad4-8ffa-b98ba56b599e,cdd59db4-6dda-4cf2-ad4d-a5018227dc00,10106dca-f4f7-4122-a36b-cbe4320cbf42,2,313.87
fe7befd6-af3d-4228-a961-276c446db068,1cdf022d-83f3-4610-9ff3-02c59e35af8f,f9b39dcb-a088-493b-8064-b46a2605c3e3,2,1728.96
8adeeb48-9f5b-4a47-8942-1c2314f5d929,a496ecca-54af-48fb-bb9d-89d56cd7c39a,f9b39dcb-a088-493b-8064-b46a2605c3e3,1,1728.96
009499f1-e170-42e8-b887-b82bc5de2b91,a496ecca-54af-48fb-bb9d-89d56cd7c39a,10106dca-f4f7-4122-a36b-cbe4320cbf42,3,313.87
2761fce9-51de-4926-97cf-02232b49f482,a496ecca-54af-48fb-bb9d-89d56cd7c39a,9c713008-52f4-4d91-a4b8-692297273f5c,2,3982.73
d766c70c-3910-4b91-b6d1-97d0b8302a06,e578cf2a-b253-49de-8662-61a78d29f008,9babb22c-e856-499f-ac43-94ed6ba62a37,2,4827.64
5046fae3-45d8-4e02-94da-6d48dddee68e,e578cf2a-b253-49de-8662-61a78d29f008,10106dca-f4f7-4122-a36b-cbe4320cbf42,1,313.87
56f1130e-7b33-4b40-8c42-ea1634b63a27,e578cf2a-b253-49de-8662-61a78d29f008,f9b39dcb-a088-493b-8064-b46a2605c3e3,5,1728.96
5e6acc6e-dd70-4e4b-8822-1a3d5c0f3abd,2399dcd6-113c-4a54-94a6-d68ff03c5a57,8f67b686-c7da-4758-8b1c-0808d0a38dbe,2,2417.58
07daa6a3-b7d0-4c5f-9a7d-00f52025dbcc,06fdadfe-cfb6-42c5-9afc-ee2a13424730,08d99a45-863b-464f-a4be-92e824ba1a9f,2,4339.78
56b79c5f-5f2f-4de1-99d0-ee1a92736735,06fdadfe-cfb6-42c5-9afc-ee2a13424730,a7c9d8bb-b1c0-4cab-9bc7-7773e008d8fd,3,1948.33
946c22b7-1b2c-4c8f-8260-931b880d9511,06fdadfe-cfb6-42c5-9afc-ee2a13424730,a684be17-8b0e-4f62-9048-75edee52b09c,2,4361.05
8bceef0f-e0df-4ded-b0cd-540afcf5f7ab,15e135b2-b2fb-4de5-af07-d79f561d8f11,a684be17-8b0e-4f62-9048-75edee52b09c,3,4361.05
a045774a-9914-436a-b8f1-11114273af27,f38b0174-4381-43af-8bfb-abfa02fb037f,250d24fd-1292-495a-8bc0-dc5ee4b7abcd,4,1270.15
0dcbc8ea-7048-4997-8c6f-b8df65e533b4,8e95b4a7-301e-480f-9815-0dce2821edac,270845ca-fa92-4071-8c9c-b6f842a496be,2,4906.01
c1c1926e-d193-461b-8249-1b72799761d4,915c9035-2b55-4009-9224-f59c80c9a301,270845ca-fa92-4071-8c9c-b6f842a496be,1,4906.01
43d40ff5-a322-467a-84aa-593cc396d2d9,915c9035-2b55-4009-9224-f59c80c9a301,1233b869-bc27-4cf2-b5c6-2dcb724f1f25,3,1244.46
2cca11b4-0e91-4e51-937e-c6c29c2d4f0c,c8cbf35b-8103-4e00-8150-16fb756d7112,270845ca-fa92-4071-8c9c-b6f842a496be,1,4906.01
04d0ad1c-aec0-4105-aea9-3b024c5da936,e4057484-87e2-447d-84fe-aea93819fe12,a7c9d8bb-b1c0-4cab-9bc7-7773e008d8fd,1,1948.33
46d97475-e75f-4262-9dde-2df03e556e6e,52be10d1-7f2b-4621-bdca-b081df11f4b0,270845ca-fa92-4071-8c9c-b6f842a496be,2,4906.01
e286303f-746e-412e-a3f9-ba573a10c9ab,52be10d1-7f2b-4621-bdca-b081df11f4b0,1233b869-bc27-4cf2-b5c6-2dcb724f1f25,1,1244.46
33e1666d-f286-49bd-9b16-d143552a063d,52be10d1-7f2b-4621-bdca-b081df11f4b0,8f67b686-c7da-4758-8b1c-0808d0a38dbe,5,2417.58
85e3f8ed-38b7-4589-a4c3-c7e46da02d29,aa61474e-de95-48e1-8519-63fb709ad3f2,a7c9d8bb-b1c0-4cab-9bc7-7773e008d8fd,3,1948.33
ec26b0c4-a581-4d01-b6f8-1a30f89b51ba,aa61474e-de95-48e1-8519-63fb709ad3f2,ec3a70da-7e10-4f1e-a000-5d3cb06692c2,5,2561.23
d880d207-6243-4c24-8d31-0c7ae2d0e492,aa61474e-de95-48e1-8519-63fb709ad3f2,a7c9d8bb-b1c0-4cab-9bc7-7773e008d8fd,3,1948.33
f202fb91-26e5-4670-8d13-0f3b1fb6f968,34a9f879-610f-4e34-9a3e-b6463488e38e,250d24fd-1292-495a-8bc0-dc5ee4b7abcd,2,1270.15
3451c890-6042-4931-b507-fc3cf54d8a0b,34a9f879-610f-4e34-9a3e-b6463488e38e,08d99a45-863b-464f-a4be-92e824ba1a9f,1,4339.78
